Date,Capital ratio-A Agricult & fishing-%,Capital ratio-B Mining and quarrying-%,Capital ratio-C Manufacturing-%,Capital ratio-D Electricity and gas-%,Capital ratio-E Water and waste-%,Capital ratio-F Construction-%,Capital ratio-G Trade-%,Capital ratio-H Transport and storage-%,Capital ratio-I Hotels and similar-%,Capital ratio-J Information and communication-%,Capital ratio-L Real estate-%,Capital ratio-N Administrative activities-%,Capital ratio-P Education-%,Capital ratio-Q Health and social-%,Capital ratio-R Shows and sports-%,Capital ratio-S Other services-%,Capital ratio-Corporations-%,Capital ratio-M Professional and scientific-%,Financial debt (% liabilities)-A Agricult & fishing,Financial debt (% liabilities)-B Mining and quarrying,Financial debt (% liabilities)-C Manufacturing,Financial debt (% liabilities)-D Electricity and gas,Financial debt (% liabilities)-E Water and waste,Financial debt (% liabilities)-F Construction,Financial debt (% liabilities)-G Trade,Financial debt (% liabilities)-H Transport and storage,Financial debt (% liabilities)-I Hotels and similar,Financial debt (% liabilities)-J Information and communication,Financial debt (% liabilities)-L Real estate,Financial debt (% liabilities)-N Administrative activities,Financial debt (% liabilities)-P Education,Financial debt (% liabilities)-Q Health and social,Financial debt (% liabilities)-R Shows and sports,Financial debt (% liabilities)-S Other services,Financial debt (% liabilities)-Corporations,Financial debt (% liabilities)-M Professional and scientific,Cost of financial debt-A Agricult & fishing-%,Cost of financial debt-B Mining and quarrying-%,Cost of financial debt-C Manufacturing-%,Cost of financial debt-D Electricity and gas-%,Cost of financial debt-E Water and waste-%,Cost of financial debt-F Construction-%,Cost of financial debt-G Trade-%,Cost of financial debt-H Transport and storage-%,Cost of financial debt-I Hotels and similar-%,Cost of financial debt-J Information and communication-%,Cost of financial debt-L Real estate-%,Cost of financial debt-N Administrative activities-%,Cost of financial debt-P Education-%,Cost of financial debt-Q Health and social-%,Cost of financial debt-R Shows and sports-%,Cost of financial debt-S Other services-%,Cost of financial debt-Corporations-%,Cost of financial debt-M Professional and scientific-%,GVA (% output)-A Agricult & fishing,GVA (% output)-B Mining and quarrying,GVA (% output)-C Manufacturing,GVA (% output)-D Electricity and gas,GVA (% output)-E Water and waste,GVA (% output)-F Construction,GVA (% output)-G Trade,GVA (% output)-H Transport and storage,GVA (% output)-I Hotels and similar,GVA (% output)-J Information and communication,GVA (% output)-L Real estate,GVA (% output)-N Administrative activities,GVA (% output)-P Education,GVA (% output)-Q Health and social,GVA (% output)-R Shows and sports,GVA (% output)-S Other services,GVA (% output)-Corporations,GVA (% output)-M Professional and scientific,Return on assets-A Agricult & fishing-%,Return on assets-B Mining and quarrying-%,Return on assets-C Manufacturing-%,Return on assets-D Electricity and gas-%,Return on assets-E Water and waste-%,Return on assets-F Construction-%,Return on assets-G Trade-%,Return on assets-H Transport and storage-%,Return on assets-I Hotels and similar-%,Return on assets-J Information and communication-%,Return on assets-L Real estate-%,Return on assets-N Administrative activities-%,Return on assets-P Education-%,Return on assets-Q Health and social-%,Return on assets-R Shows and sports-%,Return on assets-S Other services-%,Return on assets-Corporations-%,Return on assets-M Professional and scientific-%,EBITDA / invested capital-A Agricult & fishing-%,EBITDA / invested capital-B Mining and quarrying-%,EBITDA / invested capital-C Manufacturing-%,EBITDA / invested capital-D Electricity and gas-%,EBITDA / invested capital-E Water and waste-%,EBITDA / invested capital-F Construction-%,EBITDA / invested capital-G Trade-%,EBITDA / invested capital-H Transport and storage-%,EBITDA / invested capital-I Hotels and similar-%,EBITDA / invested capital-J Information and communication-%,EBITDA / invested capital-L Real estate-%,EBITDA / invested capital-N Administrative activities-%,EBITDA / invested capital-P Education-%,EBITDA / invested capital-Q Health and social-%,EBITDA / invested capital-R Shows and sports-%,EBITDA / invested capital-S Other services-%,EBITDA / invested capital-Corporations-%,EBITDA / invested capital-M Professional and scientific-%,Financing expenses coverage ratio-A Agricult & fishing,Financing expenses coverage ratio-B Mining and quarrying,Financing expenses coverage ratio-C Manufacturing,Financing expenses coverage ratio-D Electricity and gas,Financing expenses coverage ratio-E Water and waste,Financing expenses coverage ratio-F Construction,Financing expenses coverage ratio-G Trade,Financing expenses coverage ratio-H Transport and storage,Financing expenses coverage ratio-I Hotels and similar,Financing expenses coverage ratio-J Information and communication,Financing expenses coverage ratio-L Real estate,Financing expenses coverage ratio-N Administrative activities,Financing expenses coverage ratio-P Education,Financing expenses coverage ratio-Q Health and social,Financing expenses coverage ratio-R Shows and sports,Financing expenses coverage ratio-S Other services,Financing expenses coverage ratio-Corporations,Financing expenses coverage ratio-M Professional and scientific,Financial debt (% assets)-A Agricult & fishing,Financial debt (% assets)-B Mining and quarrying,Financial debt (% assets)-C Manufacturing,Financial debt (% assets)-D Electricity and gas,Financial debt (% assets)-E Water and waste,Financial debt (% assets)-F Construction,Financial debt (% assets)-G Trade,Financial debt (% assets)-H Transport and storage,Financial debt (% assets)-I Hotels and similar,Financial debt (% assets)-J Information and communication,Financial debt (% assets)-L Real estate,Financial debt (% assets)-N Administrative activities,Financial debt (% assets)-P Education,Financial debt (% assets)-Q Health and social,Financial debt (% assets)-R Shows and sports,Financial debt (% assets)-S Other services,Financial debt (% assets)-Corporations,Financial debt (% assets)-M Professional and scientific,EBITDA margin (% income)-A Agricult & fishing,EBITDA margin (% income)-B Mining and quarrying,EBITDA margin (% income)-C Manufacturing,EBITDA margin (% income)-D Electricity and gas,EBITDA margin (% income)-E Water and waste,EBITDA margin (% income)-F Construction,EBITDA margin (% income)-G Trade,EBITDA margin (% income)-H Transport and storage,EBITDA margin (% income)-I Hotels and similar,EBITDA margin (% income)-J Information and communication,EBITDA margin (% income)-L Real estate,EBITDA margin (% income)-N Administrative activities,EBITDA margin (% income)-P Education,EBITDA margin (% income)-Q Health and social,EBITDA margin (% income)-R Shows and sports,EBITDA margin (% income)-S Other services,EBITDA margin (% income)-Corporations,EBITDA margin (% income)-M Professional and scientific,Financial debt over EBITDA-A Agricult & fishing,Financial debt over EBITDA-B Mining and quarrying,Financial debt over EBITDA-C Manufacturing,Financial debt over EBITDA-D Electricity and gas,Financial debt over EBITDA-E Water and waste,Financial debt over EBITDA-F Construction,Financial debt over EBITDA-G Trade,Financial debt over EBITDA-H Transport and storage,Financial debt over EBITDA-I Hotels and similar,Financial debt over EBITDA-J Information and communication,Financial debt over EBITDA-L Real estate,Financial debt over EBITDA-N Administrative activities,Financial debt over EBITDA-P Education,Financial debt over EBITDA-Q Health and social,Financial debt over EBITDA-R Shows and sports,Financial debt over EBITDA-S Other services,Financial debt over EBITDA-Corporations,Financial debt over EBITDA-M Professional and scientific,Return on equity-A Agricult & fishing-%,Return on equity-B Mining and quarrying-%,Return on equity-C Manufacturing-%,Return on equity-D Electricity and gas-%,Return on equity-E Water and waste-%,Return on equity-F Construction-%,Return on equity-G Trade-%,Return on equity-H Transport and storage-%,Return on equity-I Hotels and similar-%,Return on equity-J Information and communication-%,Return on equity-L Real estate-%,Return on equity-N Administrative activities-%,Return on equity-P Education-%,Return on equity-Q Health and social-%,Return on equity-R Shows and sports-%,Return on equity-S Other services-%,Return on equity-Corporations-%,Return on equity-M Professional and scientific-%,Net income (% income)-A Agricult & fishing,Net income (% income)-B Mining and quarrying,Net income (% income)-C Manufacturing,Net income (% income)-D Electricity and gas,Net income (% income)-E Water and waste,Net income (% income)-F Construction,Net income (% income)-G Trade,Net income (% income)-H Transport and storage,Net income (% income)-I Hotels and similar,Net income (% income)-J Information and communication,Net income (% income)-L Real estate,Net income (% income)-N Administrative activities,Net income (% income)-P Education,Net income (% income)-Q Health and social,Net income (% income)-R Shows and sports,Net income (% income)-S Other services,Net income (% income)-Corporations,Net income (% income)-M Professional and scientific,Equity (% assets)-A Agricult & fishing,Equity (% assets)-B Mining and quarrying,Equity (% assets)-C Manufacturing,Equity (% assets)-D Electricity and gas,Equity (% assets)-E Water and waste,Equity (% assets)-F Construction,Equity (% assets)-G Trade,Equity (% assets)-H Transport and storage,Equity (% assets)-I Hotels and similar,Equity (% assets)-J Information and communication,Equity (% assets)-L Real estate,Equity (% assets)-N Administrative activities,Equity (% assets)-P Education,Equity (% assets)-Q Health and social,Equity (% assets)-R Shows and sports,Equity (% assets)-S Other services,Equity (% assets)-Corporations,Equity (% assets)-M Professional and scientific,Gross profit (% income)-A Agricult & fishing,Gross profit (% income)-B Mining and quarrying,Gross profit (% income)-C Manufacturing,Gross profit (% income)-D Electricity and gas,Gross profit (% income)-E Water and waste,Gross profit (% income)-F Construction,Gross profit (% income)-G Trade,Gross profit (% income)-H Transport and storage,Gross profit (% income)-I Hotels and similar,Gross profit (% income)-J Information and communication,Gross profit (% income)-L Real estate,Gross profit (% income)-N Administrative activities,Gross profit (% income)-P Education,Gross profit (% income)-Q Health and social,Gross profit (% income)-R Shows and sports,Gross profit (% income)-S Other services,Gross profit (% income)-Corporations,Gross profit (% income)-M Professional and scientific,EBIT margin (% income)-A Agricult & fishing,EBIT margin (% income)-B Mining and quarrying,EBIT margin (% income)-C Manufacturing,EBIT margin (% income)-D Electricity and gas,EBIT margin (% income)-E Water and waste,EBIT margin (% income)-F Construction,EBIT margin (% income)-G Trade,EBIT margin (% income)-H Transport and storage,EBIT margin (% income)-I Hotels and similar,EBIT margin (% income)-J Information and communication,EBIT margin (% income)-L Real estate,EBIT margin (% income)-N Administrative activities,EBIT margin (% income)-P Education,EBIT margin (% income)-Q Health and social,EBIT margin (% income)-R Shows and sports,EBIT margin (% income)-S Other services,EBIT margin (% income)-Corporations,EBIT margin (% income)-M Professional and scientific,EBITDA (% turnover )-A Agricult & fishing,EBITDA (% turnover )-B Mining and quarrying,EBITDA (% turnover )-C Manufacturing,EBITDA (% turnover )-D Electricity and gas,EBITDA (% turnover )-E Water and waste,EBITDA (% turnover )-F Construction,EBITDA (% turnover )-G Trade,EBITDA (% turnover )-H Transport and storage,EBITDA (% turnover )-I Hotels and similar,EBITDA (% turnover )-J Information and communication,EBITDA (% turnover )-L Real estate,EBITDA (% turnover )-N Administrative activities,EBITDA (% turnover )-P Education,EBITDA (% turnover )-Q Health and social,EBITDA (% turnover )-R Shows and sports,EBITDA (% turnover )-S Other services,EBITDA (% turnover )-Corporations,EBITDA (% turnover )-M Professional and scientific,Financial pressure-A Agricult & fishing-%,Financial pressure-B Mining and quarrying-%,Financial pressure-C Manufacturing-%,Financial pressure-D Electricity and gas-%,Financial pressure-E Water and waste-%,Financial pressure-F Construction-%,Financial pressure-G Trade-%,Financial pressure-H Transport and storage-%,Financial pressure-I Hotels and similar-%,Financial pressure-J Information and communication-%,Financial pressure-L Real estate-%,Financial pressure-N Administrative activities-%,Financial pressure-P Education-%,Financial pressure-Q Health and social-%,Financial pressure-R Shows and sports-%,Financial pressure-S Other services-%,Financial pressure-Corporations-%,Financial pressure-M Professional and scientific-%,Current ratio-A Agricult & fishing-%,Current ratio-B Mining and quarrying-%,Current ratio-C Manufacturing-%,Current ratio-D Electricity and gas-%,Current ratio-E Water and waste-%,Current ratio-F Construction-%,Current ratio-G Trade-%,Current ratio-H Transport and storage-%,Current ratio-I Hotels and similar-%,Current ratio-J Information and communication-%,Current ratio-L Real estate-%,Current ratio-N Administrative activities-%,Current ratio-P Education-%,Current ratio-Q Health and social-%,Current ratio-R Shows and sports-%,Current ratio-S Other services-%,Current ratio-Corporations-%,Current ratio-M Professional and scientific-%
2006-12-31,34.26,61.51,37.46,37.82,30.86,22.05,28.35,16.77,29.65,36.51,29.06,13.63,24.22,38.33,22.59,15.48,30.99,51.05,47.47,33.08,41.53,61.67,39.75,54.89,35.56,62.41,52.6,38.26,67.26,51.5,39.4,48.28,54.83,30.05,49.58,47.13,3.71,6.48,5.69,5.09,4.12,4.72,5.42,3.57,3.75,5.04,3.54,4.23,5.84,4.83,4.9,4.66,4.69,6.04,26.0,42.29,24.17,24.68,41.89,24.59,54.41,37.49,37.54,38.1,24.22,39.89,61.02,42.26,38.53,41.2,31.95,29.86,5.75,15.86,10.24,12.21,7.16,5.56,6.85,7.55,5.56,14.88,4.35,11.59,8.35,14.74,7.53,6.37,8.43,11.47,8.78,21.36,16.15,16.03,12.27,8.58,12.72,10.99,8.35,24.47,5.66,19.94,15.44,21.64,11.58,15.58,12.92,15.48,4.97,19.23,6.93,6.25,6.33,2.75,4.96,4.08,4.0,12.14,2.57,6.16,4.79,10.24,3.62,5.37,5.25,8.23,31.21,12.73,25.97,38.35,27.48,42.79,25.48,51.94,37.01,24.29,47.71,44.48,29.86,29.78,42.45,25.4,34.21,23.07,12.62,27.39,9.74,26.65,24.6,9.72,4.47,15.27,10.03,20.29,20.9,12.36,9.59,19.87,15.88,6.94,10.66,22.76,5.43,0.8,2.54,3.14,3.84,7.69,3.72,6.88,6.65,1.63,10.97,3.84,3.58,2.02,5.64,3.99,4.06,2.01,-0.04,13.39,7.29,17.64,4.47,5.82,6.46,5.04,-1.99,10.53,3.92,10.37,1.03,12.93,-0.54,-13.9,8.44,15.61,-0.03,14.23,2.6,14.56,4.74,2.24,1.2,1.71,-1.07,5.24,5.47,1.51,0.29,6.68,-0.26,-2.35,3.31,15.81,34.26,61.51,37.46,37.82,30.86,22.05,28.35,16.77,29.65,36.51,29.06,13.63,24.22,38.33,22.59,15.48,30.99,51.05,16.54,35.98,22.19,18.19,34.26,19.77,10.41,32.51,34.0,33.89,10.75,36.1,39.18,40.38,35.26,32.29,19.19,21.65,3.82,18.04,5.07,20.51,10.05,7.03,2.79,6.99,2.45,10.21,15.96,4.45,3.12,11.47,4.6,0.36,6.49,19.7,14.86,30.82,10.21,33.86,28.13,10.61,4.66,16.61,10.74,21.67,27.18,13.4,12.59,20.6,19.47,7.85,11.53,30.01,20.14,5.2,14.42,16.0,15.8,36.3,20.17,24.53,24.98,8.23,38.85,16.22,20.89,9.77,27.62,18.61,19.05,12.14,99.42,124.76,123.32,60.13,52.22,154.95,119.37,80.08,78.3,117.24,138.68,80.21,77.89,123.18,65.21,83.74,117.03,148.73
2007-12-31,32.88,59.69,36.91,32.01,29.0,21.93,28.89,17.57,29.34,32.97,27.44,14.35,24.47,38.72,22.39,14.36,29.8,45.09,46.69,28.67,41.89,64.13,41.09,56.24,35.83,62.7,52.53,38.16,68.24,49.81,40.99,45.74,53.89,27.99,50.39,48.43,4.14,6.79,6.61,4.94,4.78,5.35,6.17,4.96,4.43,4.74,4.15,5.18,6.24,5.9,4.86,5.66,5.31,5.89,25.06,47.24,23.61,21.7,42.05,25.8,54.73,37.67,37.64,38.1,25.78,41.13,60.89,41.94,38.98,41.89,32.25,36.95,6.06,17.44,10.59,8.1,7.57,5.45,7.68,9.5,6.33,13.74,4.17,10.87,8.15,14.83,8.07,5.84,9.09,23.88,9.43,24.47,16.73,10.71,13.01,8.28,14.12,13.72,9.52,23.46,5.42,19.06,14.71,22.22,12.57,15.25,13.95,33.32,4.67,22.24,6.07,3.76,5.43,2.32,4.89,3.7,3.85,11.32,2.03,4.92,4.22,8.97,3.97,4.31,4.84,15.25,31.34,11.56,26.43,43.6,29.17,43.9,25.48,51.68,37.12,25.58,49.52,42.67,30.96,28.03,41.82,23.97,35.37,26.6,12.91,32.95,10.02,19.99,25.61,9.97,5.2,17.56,11.08,20.16,21.23,11.38,9.29,20.58,16.38,6.98,11.71,39.1,5.17,0.66,2.49,5.38,3.86,8.05,3.32,5.44,5.87,1.86,11.88,3.93,3.8,1.89,5.18,4.1,3.89,1.11,1.46,16.13,8.33,9.34,4.87,4.61,8.81,10.98,-0.27,12.91,2.66,4.51,-0.81,14.88,1.82,-15.68,10.83,44.3,1.03,18.19,2.91,7.38,4.78,1.85,1.72,3.56,-0.14,6.25,3.71,0.68,-0.23,7.99,0.83,-2.69,4.16,32.7,32.88,59.69,36.91,32.01,29.0,21.93,28.89,17.57,29.34,32.97,27.44,14.35,24.47,38.72,22.39,14.36,29.8,45.09,14.48,42.1,21.48,17.82,34.56,20.18,10.66,32.97,33.3,33.9,12.42,37.83,40.88,39.25,35.3,35.14,19.37,21.09,4.95,23.88,5.68,14.02,11.08,7.28,3.55,9.14,3.91,10.69,16.11,3.75,2.83,12.92,5.97,0.13,7.69,36.53,15.36,36.35,10.49,22.81,29.18,11.03,5.43,19.07,11.96,21.73,27.89,12.12,11.87,21.78,20.19,7.69,12.77,66.28,21.42,4.5,16.49,26.6,18.42,43.1,20.47,26.99,25.97,8.83,49.31,20.34,23.68,11.15,25.19,23.19,20.67,6.56,98.68,110.88,123.13,62.42,49.68,157.48,116.53,83.31,76.4,98.08,142.79,86.34,77.12,113.98,63.25,84.76,116.27,149.78
2008-12-31,33.11,47.73,36.28,29.09,27.07,21.33,28.54,15.51,29.25,33.45,26.27,16.74,22.97,38.49,21.31,14.84,28.38,38.41,49.76,41.59,45.73,65.71,44.78,55.32,35.73,61.68,52.89,40.17,67.89,48.66,39.6,46.5,56.81,28.91,51.63,52.45,4.43,5.85,6.91,5.59,4.92,6.01,7.23,5.67,5.01,5.69,4.82,6.39,6.46,6.88,5.14,6.28,5.94,5.75,23.02,38.42,22.65,18.3,40.03,25.75,54.71,35.46,36.89,37.83,26.84,41.85,61.17,41.64,38.32,42.07,31.28,37.56,4.91,10.1,8.91,8.42,7.32,4.11,6.97,8.79,4.46,14.64,2.88,11.45,7.55,14.83,5.45,5.64,7.37,10.51,7.39,14.54,13.61,11.12,12.26,6.34,12.9,13.0,6.7,24.32,3.77,20.0,14.13,22.11,8.25,14.3,11.28,14.86,3.33,7.94,4.42,3.23,4.56,1.57,3.78,2.98,2.38,9.62,1.19,4.42,3.84,7.54,2.37,3.65,3.36,5.65,33.29,21.74,29.14,46.59,32.66,43.52,25.53,52.11,37.42,26.73,50.05,40.52,30.5,28.6,44.7,24.61,36.98,32.3,10.68,18.67,8.47,17.39,24.03,7.77,4.63,16.04,8.45,20.52,17.65,12.2,9.05,19.87,11.63,6.75,9.56,19.51,6.78,2.15,3.27,5.53,4.46,10.59,3.66,5.93,8.38,1.83,17.39,3.54,4.04,1.93,8.2,4.36,5.02,3.07,-1.57,6.19,4.28,10.11,3.98,-2.27,5.67,1.75,-5.98,13.26,-3.06,4.86,-1.93,14.3,-12.81,-18.95,4.52,15.97,-1.13,5.46,1.48,6.07,3.54,-0.92,1.07,0.5,-3.31,6.22,-4.93,0.87,-0.53,7.37,-5.83,-3.36,1.66,11.39,33.11,47.73,36.28,29.09,27.07,21.33,28.54,15.51,29.25,33.45,26.27,16.74,22.97,38.49,21.31,14.84,28.38,38.41,12.94,32.29,19.82,14.27,33.46,20.54,10.53,30.76,32.87,33.68,13.5,38.62,41.92,38.98,35.39,35.33,18.86,28.03,3.07,9.45,4.3,12.58,10.32,5.0,2.98,7.24,1.03,10.7,11.19,4.49,2.8,12.61,-0.07,-0.11,5.5,16.24,12.51,21.12,8.97,20.55,27.08,8.59,4.86,17.51,9.05,22.19,22.89,13.0,11.44,21.05,13.82,7.42,10.38,25.21,30.07,12.6,22.62,30.95,21.95,63.58,26.48,33.6,42.03,10.4,83.76,22.61,26.07,13.27,42.14,27.4,29.79,17.68,98.1,57.83,125.21,70.78,49.83,155.37,116.55,83.04,73.95,101.36,142.52,91.83,79.1,123.85,60.47,83.83,115.51,126.29
2009-12-31,34.36,50.46,35.58,29.24,25.36,20.62,28.83,14.18,28.78,34.67,26.39,17.79,26.53,39.31,21.62,23.25,28.21,37.28,50.73,47.44,47.94,63.53,46.89,55.73,35.84,62.97,53.86,44.18,68.31,50.33,41.11,49.21,58.52,27.64,52.57,52.57,3.68,2.84,5.02,5.1,3.65,4.56,5.29,4.41,3.67,3.99,3.66,5.09,4.69,4.74,3.97,4.3,4.52,4.02,24.67,43.13,23.85,23.49,44.68,25.69,54.77,38.98,37.74,38.1,30.02,43.51,61.16,42.23,38.64,41.39,33.28,37.73,4.33,11.0,7.48,8.61,6.89,3.77,6.12,8.45,4.09,14.48,3.59,10.6,8.17,13.66,4.78,4.93,6.78,7.25,6.4,14.88,11.26,11.61,11.42,5.81,11.25,12.39,6.09,22.79,4.68,17.92,14.4,19.75,7.08,11.1,10.28,10.32,3.53,16.49,4.83,3.76,5.4,1.87,4.53,3.54,2.9,12.59,1.95,5.04,5.76,9.65,2.62,5.41,3.97,5.47,33.29,23.5,30.88,44.95,35.0,44.24,25.51,54.04,38.36,28.87,50.28,41.37,30.2,29.87,45.86,21.21,37.73,32.97,10.74,26.88,8.41,21.79,26.87,7.91,4.28,17.24,8.4,21.36,25.49,11.54,9.69,19.35,11.43,6.34,9.9,15.04,7.69,2.14,4.13,5.22,5.08,11.75,4.17,6.39,9.39,1.99,14.01,3.9,3.7,2.19,9.6,4.3,5.57,4.55,-1.84,9.77,2.29,10.8,4.91,-0.62,4.51,3.75,-4.85,13.26,1.34,3.3,3.41,12.98,-13.25,-9.48,4.3,9.04,-1.56,12.05,0.92,7.99,4.85,-0.27,0.91,1.09,-2.87,6.78,2.52,0.64,1.07,7.23,-6.86,-2.83,1.77,6.99,34.36,50.46,35.58,29.24,25.36,20.62,28.83,14.18,28.78,34.67,26.39,17.79,26.53,39.31,21.62,23.25,28.21,37.28,14.78,36.2,22.36,18.17,37.41,25.79,11.14,33.71,34.29,33.17,23.15,40.25,38.23,40.25,35.8,32.59,21.19,31.32,2.28,15.28,3.58,15.55,11.37,4.97,2.52,7.27,0.79,10.76,18.03,3.62,3.74,11.86,-2.04,-0.46,5.31,11.32,12.57,30.79,8.79,26.48,30.64,8.23,4.46,18.89,8.92,23.4,31.51,12.29,12.84,20.15,13.46,7.17,10.6,17.51,28.33,6.06,20.71,26.63,18.53,53.55,22.08,28.22,34.47,7.94,51.25,19.85,17.35,10.36,38.11,18.48,25.18,18.28,101.56,58.11,124.49,72.87,52.36,154.37,116.18,80.74,74.9,91.01,140.4,91.08,82.19,120.55,61.33,85.5,114.39,129.07
2010-12-31,36.45,43.56,35.13,26.02,24.98,22.02,29.5,24.02,29.3,45.69,28.0,19.38,28.81,39.34,23.16,27.2,30.15,40.27,48.36,50.14,49.44,73.48,46.3,54.97,38.26,66.87,57.63,58.6,67.91,55.29,43.42,60.22,54.39,30.44,54.95,51.04,3.94,4.12,5.17,4.56,3.84,4.85,5.36,4.62,3.48,2.52,3.46,4.59,5.19,4.21,5.46,5.28,4.47,4.36,24.86,46.9,23.51,23.89,40.53,23.97,54.9,34.44,36.0,38.67,26.66,46.37,60.0,41.85,43.78,40.06,32.58,37.6,5.09,12.05,8.34,9.95,7.18,3.97,6.57,9.85,3.21,23.91,3.12,10.19,7.9,12.61,5.9,4.14,7.99,7.15,7.57,16.77,12.42,12.38,12.02,6.12,11.63,13.16,4.58,30.84,4.05,15.93,13.23,16.62,9.08,8.4,11.66,10.11,4.2,10.34,5.03,4.02,5.38,1.91,4.54,4.2,2.26,29.79,1.84,4.99,4.93,8.19,2.58,3.54,4.66,5.38,30.74,28.3,32.07,54.37,34.74,42.87,26.97,50.81,40.74,31.83,48.89,44.57,30.91,36.53,41.8,22.16,38.38,30.49,12.58,23.61,9.19,26.64,26.38,8.3,4.51,17.43,6.97,42.97,25.39,11.55,9.9,18.61,13.99,5.45,11.56,14.95,6.04,2.35,3.84,5.46,4.84,10.79,4.11,5.16,12.71,1.33,15.68,4.37,3.91,2.9,7.09,5.35,4.8,4.26,1.06,7.32,5.69,16.74,6.9,0.72,5.69,10.36,-6.8,38.54,0.02,4.3,3.65,11.42,-9.98,-9.39,8.85,7.32,0.96,6.24,2.2,11.66,6.34,0.33,1.15,4.41,-4.33,31.64,0.06,0.95,1.32,6.63,-5.48,-3.35,3.86,6.16,36.45,43.56,35.13,26.02,24.98,22.02,29.5,24.02,29.3,45.69,28.0,19.38,28.81,39.34,23.16,27.2,30.15,40.27,14.2,38.86,21.2,20.38,34.94,26.27,10.97,28.79,32.64,24.89,19.8,43.3,36.89,39.54,37.26,30.87,20.41,32.02,4.91,13.97,5.03,20.31,12.78,5.61,2.91,9.72,-0.62,34.83,17.14,4.24,4.31,11.61,0.52,-0.68,7.44,10.43,14.86,26.89,9.64,29.97,29.59,8.55,4.68,19.62,7.41,63.97,32.65,12.19,13.11,19.5,16.37,6.18,12.48,16.82,23.79,9.67,19.89,24.9,18.6,52.38,22.01,23.83,44.27,3.36,54.3,20.06,20.3,12.21,38.69,28.24,21.46,18.58,96.31,116.78,124.5,78.31,70.24,143.78,119.99,135.19,71.78,76.16,127.55,92.12,85.47,137.5,51.02,96.47,116.49,106.99
2011-12-31,37.0,44.32,35.4,25.26,25.15,20.2,29.61,19.75,25.89,44.87,27.59,19.16,30.81,38.83,18.52,27.14,29.34,38.66,48.76,49.11,50.24,75.44,45.65,56.05,39.36,67.44,56.56,58.04,67.16,58.18,45.37,59.33,55.17,32.69,55.9,53.86,4.12,5.8,5.53,4.8,4.89,5.45,5.49,5.33,3.96,4.91,3.84,4.95,4.79,5.03,6.0,4.47,4.99,4.63,22.64,42.58,21.12,21.96,37.75,23.73,53.47,32.25,35.75,41.06,28.0,47.17,60.32,42.0,44.2,40.87,30.91,35.03,4.02,11.17,7.5,8.78,7.67,1.67,4.81,8.09,1.45,7.71,1.43,8.4,6.35,11.46,3.36,3.52,5.54,6.43,5.94,15.58,11.05,10.75,12.93,2.57,8.39,10.96,2.13,10.03,1.88,12.69,10.21,15.26,5.29,6.9,8.05,8.97,3.18,7.05,4.18,3.25,4.59,0.69,3.16,2.8,0.87,4.9,0.77,3.61,4.22,6.28,1.24,3.31,2.81,4.2,30.72,27.34,32.46,56.39,34.17,44.73,27.7,54.12,41.92,32.0,48.63,47.03,31.39,36.29,44.95,23.82,39.5,33.04,9.64,22.86,7.73,22.83,25.91,3.85,3.38,13.65,3.3,20.0,13.57,10.51,8.08,16.8,8.54,4.78,8.22,13.98,7.64,2.45,4.33,6.42,4.46,26.77,5.76,6.69,28.98,4.15,33.93,5.6,4.94,3.17,13.38,6.77,7.13,5.14,-1.88,6.81,3.32,12.97,7.44,-11.79,0.42,0.48,-13.74,-0.42,-5.84,-2.4,-0.92,7.73,-28.93,-11.8,0.28,5.64,-1.66,6.18,1.21,8.51,6.32,-5.49,0.09,0.16,-8.11,-0.49,-15.25,-0.58,-0.36,4.4,-13.62,-4.35,0.12,4.74,37.0,44.32,35.4,25.26,25.15,20.2,29.61,19.75,25.89,44.87,27.59,19.16,30.81,38.83,18.52,27.14,29.34,38.66,12.27,36.03,19.03,18.56,31.92,23.29,10.43,26.82,31.83,36.73,19.35,43.7,37.28,39.64,36.75,31.94,19.42,27.82,2.12,11.07,3.99,16.81,13.57,1.07,1.76,6.42,-4.15,7.75,3.56,3.16,2.51,9.95,-5.87,-1.38,4.08,9.55,11.34,25.27,8.08,25.68,29.36,4.07,3.5,15.14,3.52,21.47,17.92,11.18,10.69,17.56,10.08,5.4,8.76,16.69,31.49,14.19,23.93,30.81,21.8,145.87,31.62,35.66,114.67,20.39,130.36,27.73,23.69,15.92,80.34,30.23,35.57,23.78,102.15,121.64,123.48,76.97,75.26,140.14,118.82,130.07,64.41,72.08,125.89,88.65,89.6,137.29,51.22,98.97,114.26,116.57
2012-12-31,37.01,46.95,35.78,23.42,26.08,19.9,29.19,16.85,21.63,44.39,27.58,19.16,31.44,40.02,18.53,28.58,28.7,37.99,49.63,47.89,50.69,74.31,47.74,57.89,39.79,65.63,61.91,61.14,68.7,59.62,45.73,60.01,58.51,33.69,57.12,53.42,4.35,6.29,5.44,4.73,5.4,5.58,5.77,5.79,3.64,4.89,3.56,4.89,4.59,5.22,5.67,3.92,5.02,4.87,23.02,41.4,20.42,22.49,37.9,25.43,51.94,32.71,32.94,41.51,27.93,45.86,60.64,41.45,45.44,40.11,30.68,37.55,4.38,9.76,6.51,8.98,7.79,1.6,3.96,5.44,-0.5,8.48,0.99,7.51,5.45,10.45,4.91,3.05,4.95,4.78,6.42,13.49,9.52,11.18,12.69,2.41,6.9,7.62,-0.72,10.82,1.28,11.14,8.68,13.75,7.41,5.8,7.13,6.72,3.22,6.1,3.68,3.33,4.09,0.62,2.44,1.72,-0.29,5.1,0.56,3.18,3.79,5.57,1.82,3.23,2.42,2.96,31.26,25.4,32.55,56.9,35.28,46.36,28.18,54.58,48.52,34.0,49.75,48.19,31.35,36.0,47.67,24.06,40.72,33.13,9.93,21.74,6.75,24.6,27.1,4.37,2.81,9.36,-1.31,22.19,10.57,9.99,7.42,15.31,12.02,4.37,7.67,11.11,7.13,2.6,5.0,6.34,4.53,29.07,7.11,10.03,,4.01,50.17,6.42,5.75,3.44,9.71,7.89,8.23,6.93,-1.83,3.31,0.97,14.96,6.98,-12.72,-2.4,-15.63,-26.06,3.12,-7.22,-4.25,-2.97,4.85,-18.15,-11.81,-1.6,0.79,-1.54,3.46,0.36,9.6,6.33,-6.94,-0.5,-4.53,-14.66,3.62,-21.23,-1.08,-1.27,2.84,-8.23,-4.84,-0.71,0.7,37.01,46.95,35.78,23.42,26.08,19.9,29.19,16.85,21.63,44.39,27.58,19.16,31.44,40.02,18.53,28.58,28.7,37.99,13.67,34.65,19.17,19.26,32.42,25.26,9.89,27.96,29.53,36.52,19.24,42.32,38.28,39.25,32.77,31.12,19.52,31.82,2.61,10.52,3.01,18.66,14.44,1.33,1.29,2.25,-9.48,9.9,-0.55,2.79,1.74,8.59,-0.83,-1.73,3.47,6.41,11.51,24.17,6.99,27.45,30.56,4.73,2.91,10.28,-1.4,24.12,14.3,10.66,9.75,15.95,15.16,4.96,8.15,12.58,31.02,16.38,27.21,30.0,24.46,162.21,41.05,58.09,,19.61,178.44,31.41,26.42,17.97,55.03,30.91,41.27,33.8,100.76,134.98,117.25,87.26,78.3,140.99,119.41,117.16,65.68,82.91,125.36,95.18,86.96,140.28,56.18,101.81,114.88,130.84
2013-12-31,37.57,48.66,36.66,23.71,27.7,20.74,30.66,18.32,20.4,43.3,28.1,20.67,31.83,41.88,18.44,23.63,29.37,37.35,50.29,45.81,49.98,72.32,47.44,57.66,37.75,67.93,61.4,59.55,66.46,57.57,45.25,56.38,60.27,31.71,56.2,52.39,3.98,5.77,5.38,5.18,5.16,5.09,5.23,5.69,3.46,5.55,3.17,4.46,4.34,4.81,4.69,3.46,4.85,4.35,22.77,40.88,20.69,22.42,39.89,27.76,52.99,33.84,33.33,41.44,28.74,45.92,60.35,42.07,45.29,40.53,31.33,39.58,4.45,9.45,7.14,9.46,7.37,2.33,5.08,8.92,0.92,8.05,1.45,8.16,5.17,11.88,5.16,3.0,5.79,5.68,6.46,13.09,10.45,11.99,11.88,3.51,8.93,12.09,1.33,10.45,1.91,12.3,8.25,15.92,7.63,6.27,8.38,8.09,3.56,6.96,4.2,3.31,4.16,1.0,3.71,2.83,0.55,4.3,0.96,4.01,3.86,7.54,2.24,3.58,3.0,3.97,31.4,23.52,31.65,55.17,34.3,45.71,26.17,55.49,48.88,33.76,47.78,45.67,30.85,32.76,49.16,24.22,39.69,32.82,10.34,21.61,7.34,25.43,26.54,6.77,3.54,15.59,2.34,20.49,15.35,10.2,7.12,17.2,12.72,3.99,8.92,14.29,7.05,2.49,4.43,5.83,4.66,19.62,5.15,6.22,52.86,4.19,32.9,5.6,5.97,2.76,9.53,8.07,6.86,5.78,-0.93,4.09,2.99,15.79,5.1,-6.6,2.11,6.44,-19.9,1.26,-4.21,0.34,-3.11,8.83,-15.43,-13.85,1.78,3.6,-0.81,4.56,1.13,10.06,5.08,-3.98,0.45,2.06,-10.28,1.39,-12.5,0.09,-1.36,5.36,-7.01,-4.35,0.81,3.38,37.57,48.66,36.66,23.71,27.7,20.74,30.66,18.32,20.4,43.3,28.1,20.67,31.83,41.88,18.44,23.63,29.37,37.35,13.47,33.13,19.41,18.75,33.91,26.97,10.07,29.62,29.45,35.85,22.42,42.29,37.31,39.72,34.68,32.28,19.85,34.26,2.81,9.47,3.61,19.72,13.13,3.74,2.11,8.99,-5.38,7.75,3.83,3.74,1.57,10.82,-0.37,-1.55,4.78,9.15,11.9,24.17,7.6,28.64,30.16,7.47,3.67,16.97,2.53,22.53,20.24,10.89,9.43,17.97,15.64,4.45,9.48,16.01,28.09,14.36,23.83,30.2,24.02,99.93,26.94,35.4,182.86,23.26,104.4,24.96,25.89,13.26,44.72,27.9,33.28,25.17,104.76,128.8,125.35,119.87,87.92,141.79,120.43,133.79,63.78,63.13,123.93,97.37,87.6,153.14,58.92,106.97,118.61,127.39
2014-12-31,37.24,48.88,39.91,24.56,29.27,22.93,32.1,17.13,21.48,17.52,29.31,23.03,32.59,43.67,21.62,25.16,29.24,34.8,49.82,44.82,48.59,74.97,47.26,57.22,37.19,67.63,60.62,56.07,67.72,55.34,45.56,56.32,55.82,32.89,55.39,41.74,3.82,4.79,5.32,4.93,5.02,5.16,5.05,5.52,3.33,5.43,2.88,4.36,4.14,4.59,4.83,3.51,4.7,4.17,24.41,39.35,21.21,22.7,40.99,28.59,54.05,33.72,33.92,42.0,25.6,47.13,61.11,41.88,47.12,41.25,31.95,38.59,5.22,9.38,7.33,9.31,7.93,3.25,6.22,9.18,2.51,1.0,2.35,8.98,5.35,12.06,7.63,4.31,5.89,3.67,7.63,13.06,10.6,11.48,12.65,4.85,10.84,12.55,3.63,1.57,3.05,13.68,8.46,16.0,11.67,8.65,8.61,5.92,4.37,8.55,4.71,3.34,4.73,1.43,4.88,2.97,1.58,0.4,1.71,4.83,4.21,8.28,3.61,4.98,3.2,3.23,31.27,22.92,29.2,56.56,33.43,44.1,25.25,56.05,47.6,46.25,47.87,42.6,30.71,31.72,43.75,24.62,39.2,27.22,12.04,22.11,7.42,25.54,29.27,9.08,4.25,16.07,5.84,1.81,23.44,10.96,7.52,17.11,17.41,5.58,8.76,9.3,5.98,2.44,3.98,6.08,4.21,13.55,4.06,6.1,19.0,46.13,20.36,4.74,5.74,2.63,5.74,5.72,6.65,7.41,0.74,4.62,3.64,14.29,7.45,-2.41,5.73,8.52,-11.86,-57.28,-1.63,5.83,-1.63,10.22,-0.3,-7.76,1.93,-0.55,0.64,5.33,1.47,9.63,8.04,-1.55,1.26,2.55,-5.95,-18.13,-4.76,1.64,-0.75,6.33,-0.15,-2.53,0.84,-0.48,37.24,48.88,39.91,24.56,29.27,22.93,32.1,17.13,21.48,17.52,29.31,23.03,32.59,43.67,21.62,25.16,29.24,34.8,15.95,31.99,19.81,18.89,34.53,26.91,10.34,29.76,30.4,37.46,19.69,43.22,39.17,39.42,33.8,33.36,20.07,32.76,4.4,10.18,3.72,19.7,16.4,6.07,2.92,9.81,-1.27,-12.57,12.97,5.02,2.15,11.38,5.77,0.28,4.71,4.4,13.72,24.96,7.69,28.78,33.65,10.33,4.42,17.4,6.28,1.93,31.31,11.72,9.83,17.91,21.9,6.2,9.34,10.4,22.87,11.7,21.21,29.94,21.14,69.97,20.51,33.7,63.35,250.6,58.56,20.7,23.76,12.08,27.71,20.08,31.23,30.93,102.87,132.3,132.98,113.7,80.08,141.79,122.72,147.72,73.63,85.28,127.02,103.13,88.83,162.31,56.55,114.09,120.93,95.21
2015-12-31,37.6,49.19,41.04,24.71,32.37,24.3,33.14,18.34,23.58,18.39,31.32,25.78,33.3,45.12,23.8,26.57,31.26,47.25,50.79,45.84,48.98,75.04,48.41,54.44,36.48,67.15,60.12,52.25,66.22,57.75,46.03,54.15,54.42,34.21,55.36,50.12,3.46,4.51,4.59,4.65,3.9,5.39,4.44,5.06,3.31,5.66,2.67,3.77,3.89,4.23,4.71,3.41,4.39,4.39,25.55,37.93,22.96,21.4,42.55,28.55,54.71,34.95,35.75,43.76,28.29,47.97,61.16,41.75,44.33,41.13,33.1,41.17,5.93,8.06,9.96,8.64,7.85,3.32,6.43,10.04,4.64,11.46,3.02,9.52,5.58,12.69,6.38,4.7,7.19,6.42,8.56,11.12,14.24,10.64,12.06,5.07,11.18,13.72,6.67,18.78,3.93,13.88,8.72,16.95,9.78,9.09,10.37,8.71,5.4,7.67,7.52,3.29,6.15,1.49,5.93,3.62,3.06,4.75,2.48,5.89,4.67,10.1,3.26,5.48,4.31,5.52,31.69,23.29,28.88,56.5,32.74,41.21,24.4,54.83,45.94,42.64,45.48,42.87,30.7,29.72,41.47,25.12,38.05,26.44,13.14,18.64,9.87,24.34,29.69,8.82,4.35,17.32,9.79,19.28,25.61,11.76,7.91,17.41,13.91,5.87,10.46,15.58,5.35,2.89,2.9,6.54,4.17,12.4,3.79,5.46,9.9,3.72,15.08,4.5,5.5,2.34,6.5,5.35,5.29,4.12,2.29,1.65,9.56,12.98,8.07,-1.95,6.66,14.61,-1.97,-0.87,0.89,8.5,-0.53,12.43,-6.19,-5.48,6.3,6.14,1.91,1.88,3.89,9.03,9.88,-1.26,1.49,4.62,-0.98,-0.27,2.36,2.7,-0.25,7.69,-3.21,-1.82,2.86,7.05,37.6,49.19,41.04,24.71,32.37,24.3,33.14,18.34,23.58,18.39,31.32,25.78,33.3,45.12,23.8,26.57,31.26,47.25,17.06,32.63,21.52,18.12,36.63,27.23,10.65,30.19,31.4,38.96,21.63,44.0,41.36,39.15,34.59,34.38,20.85,32.63,5.55,4.75,6.21,18.31,17.11,5.93,3.04,11.17,3.36,5.36,16.9,5.8,2.56,12.17,2.24,1.1,6.5,11.45,15.06,20.51,10.26,27.39,33.58,10.01,4.51,19.07,10.74,20.7,34.8,12.6,10.03,18.31,17.02,6.43,11.2,18.75,18.51,13.03,13.3,30.42,16.26,66.91,16.85,27.65,32.72,21.04,40.3,16.97,21.43,9.9,30.64,18.26,23.21,18.1,110.44,124.68,132.79,132.31,81.0,148.55,126.39,141.0,71.31,98.34,133.0,103.36,93.98,161.79,63.15,112.12,126.65,124.87
2016-12-31,37.73,47.99,39.31,25.89,33.86,26.04,34.33,17.98,26.64,20.11,32.65,25.24,33.67,46.42,24.12,28.96,32.07,47.76,51.42,43.95,49.13,74.07,47.47,53.11,35.96,65.13,59.84,51.15,65.57,59.14,43.09,53.45,51.21,33.28,54.61,51.6,2.95,3.52,3.53,4.82,3.7,4.83,3.69,4.59,3.22,5.69,2.41,3.35,3.48,3.7,4.46,3.03,3.95,3.79,26.95,37.18,24.11,22.59,43.63,30.14,55.49,36.36,37.78,44.3,28.97,47.24,60.64,42.13,47.43,42.46,34.34,42.94,5.7,7.99,8.72,9.02,8.06,3.79,6.99,10.69,5.9,12.48,3.44,9.44,5.97,12.78,9.92,5.92,7.32,5.23,8.17,11.28,12.61,11.16,12.35,5.81,12.06,14.97,8.36,20.47,4.48,13.59,9.6,17.03,15.75,11.25,10.58,7.0,6.03,9.95,8.28,3.41,6.95,2.0,8.02,4.36,4.16,5.37,3.23,6.38,6.01,12.06,5.72,8.25,4.99,5.12,32.02,22.86,29.82,54.89,31.4,39.28,23.61,53.42,43.9,40.86,44.16,44.21,28.58,28.64,38.86,23.64,37.09,26.96,12.45,19.52,8.95,24.67,30.17,9.6,4.73,18.29,11.89,20.22,26.52,11.76,8.76,17.19,19.44,7.27,10.58,14.04,5.62,2.86,3.42,6.09,3.89,10.35,3.38,5.0,7.45,3.27,12.83,4.68,4.79,2.24,3.92,4.0,5.07,5.15,1.82,3.13,7.04,13.16,7.32,1.01,8.31,18.69,2.41,7.1,2.52,8.06,1.7,12.13,8.45,-3.4,6.73,3.52,1.5,3.67,2.84,9.33,9.28,0.66,1.93,5.75,1.29,2.31,6.34,2.53,0.84,7.57,3.99,-1.21,3.12,4.51,37.73,47.99,39.31,25.89,33.86,26.04,34.33,17.98,26.64,20.11,32.65,25.24,33.67,46.42,24.12,28.96,32.07,47.76,17.42,29.65,22.58,19.48,37.75,27.31,10.84,32.09,34.31,39.67,20.76,43.67,41.52,39.63,34.31,37.35,21.61,36.98,4.9,6.33,5.04,18.47,15.82,6.67,3.33,11.92,5.62,6.9,18.53,5.53,3.51,11.77,8.54,1.49,6.48,9.17,14.43,22.31,9.26,27.61,34.0,10.95,4.91,19.94,12.66,21.53,35.44,12.53,11.04,18.02,24.49,7.83,11.29,16.18,16.58,10.05,12.07,29.37,14.4,50.03,12.47,22.95,24.01,18.64,30.93,15.68,16.63,8.29,17.49,12.12,20.02,19.53,114.06,127.04,134.42,110.79,83.12,153.44,130.83,127.52,79.28,98.56,139.87,96.51,98.9,180.77,67.28,118.99,126.72,120.04
2017-12-31,40.97,46.37,40.25,24.93,34.95,27.61,35.15,22.7,28.48,20.47,33.38,27.08,33.52,45.51,24.79,29.88,33.23,48.8,51.21,41.56,47.57,76.23,48.03,51.62,35.7,63.64,58.24,51.22,64.39,56.62,42.15,56.18,50.95,35.2,53.97,50.86,2.68,3.23,3.34,4.43,3.3,4.02,3.4,4.19,3.08,5.65,2.21,2.41,3.17,3.29,4.11,2.68,3.58,3.34,27.66,41.82,23.64,18.5,41.74,29.87,55.7,35.58,39.21,44.62,30.52,46.74,60.88,42.38,45.21,41.81,33.81,43.31,8.07,8.34,10.88,7.84,8.12,3.92,7.59,11.15,7.83,12.66,3.91,10.24,6.08,12.3,8.8,5.77,8.0,7.13,11.33,12.15,15.85,9.54,12.27,6.03,13.01,15.51,11.16,20.69,5.12,14.98,9.87,16.16,13.94,10.57,11.56,9.53,9.94,11.57,11.48,3.09,7.87,2.61,9.63,5.41,6.1,5.5,4.12,10.3,6.84,12.22,5.59,8.71,6.21,8.19,30.23,22.28,28.42,57.23,31.24,37.37,23.15,49.19,41.65,40.74,42.9,41.28,28.02,30.62,38.32,24.68,36.04,26.04,17.61,18.3,10.28,21.21,28.87,9.22,5.12,17.78,14.47,19.42,26.36,12.2,8.81,16.84,18.03,6.59,11.06,18.41,3.75,2.67,2.61,7.3,3.85,9.54,3.05,4.41,5.32,3.22,10.98,4.03,4.61,2.49,4.36,4.28,4.5,3.65,7.83,3.0,11.65,9.71,7.55,2.11,10.12,17.69,8.44,4.71,3.82,11.6,2.74,11.9,3.4,-4.12,8.78,8.19,7.01,3.06,4.43,6.55,9.39,1.37,2.4,6.41,4.44,1.48,8.59,3.74,1.33,7.41,1.73,-1.4,4.03,10.32,40.97,46.37,40.25,24.93,34.95,27.61,35.15,22.7,28.48,20.47,33.38,27.08,33.52,45.51,24.79,29.88,33.23,48.8,17.98,35.56,21.6,15.77,35.79,27.64,11.11,31.96,35.88,39.81,22.2,43.39,42.13,40.07,34.41,36.33,21.32,35.36,10.45,6.65,6.53,14.63,15.04,6.41,3.77,11.82,8.72,6.51,19.49,6.06,3.83,11.47,6.52,0.94,7.13,14.41,20.84,20.18,10.7,23.66,32.79,10.06,5.31,19.19,15.4,20.7,33.73,12.93,11.03,17.57,21.82,7.12,11.78,22.0,10.06,8.64,8.71,32.35,12.71,38.3,10.39,18.48,16.38,18.18,24.25,9.71,14.62,8.18,17.88,11.48,16.1,12.21,123.17,128.56,138.72,85.32,87.49,156.55,132.0,145.71,85.43,94.81,145.63,94.9,99.88,179.59,72.96,120.86,127.17,118.74
2018-12-31,41.72,47.3,40.89,32.11,36.24,29.39,35.41,22.63,30.59,23.0,34.12,27.34,33.8,45.6,26.2,30.78,35.24,52.51,51.28,42.48,47.95,68.88,47.05,50.55,34.74,61.98,59.0,50.51,63.45,60.23,38.65,56.27,46.99,34.6,52.55,52.62,2.28,2.85,3.04,3.64,3.15,3.83,3.03,4.17,2.76,5.11,2.15,2.18,3.12,3.19,5.14,2.68,3.22,3.06,26.74,39.24,22.83,18.27,41.08,30.35,55.8,35.02,39.31,44.54,29.01,46.14,60.29,42.71,42.57,42.39,33.4,43.7,5.99,8.81,10.01,7.13,7.92,5.17,7.11,10.72,7.56,13.3,4.77,10.14,6.88,12.05,10.69,6.53,7.78,6.29,8.37,12.64,14.45,9.03,11.95,7.94,12.3,15.19,10.57,21.49,6.29,14.26,11.59,15.82,17.56,11.93,11.23,8.11,8.79,13.79,11.61,4.18,8.38,3.78,10.48,5.36,6.68,6.69,5.3,10.64,8.64,12.35,6.0,10.17,7.1,8.21,29.89,22.39,28.34,46.77,30.0,35.69,22.43,47.95,40.95,38.89,41.8,43.76,25.59,30.61,34.68,23.95,34.03,24.99,13.89,18.7,9.37,18.54,27.28,10.9,4.65,15.84,14.08,20.24,29.79,12.34,9.67,16.24,19.45,7.43,10.57,18.11,4.99,2.54,2.83,6.56,3.79,6.9,3.15,4.47,5.42,2.92,8.75,4.32,3.72,2.54,3.24,3.67,4.38,3.97,3.38,5.4,9.54,8.09,7.34,5.87,8.65,14.89,7.86,12.26,6.46,11.91,5.44,11.23,9.64,-1.31,8.29,6.84,3.27,5.42,3.65,6.75,9.17,3.63,2.0,4.98,4.48,4.29,13.75,3.96,2.58,6.9,4.59,-0.46,3.97,10.34,41.72,47.3,40.89,32.11,36.24,29.39,35.41,22.63,30.59,23.0,34.12,27.34,33.8,45.6,26.2,30.78,35.24,52.51,18.49,32.34,20.76,15.95,35.07,26.6,11.28,31.86,35.92,38.95,19.82,42.74,41.35,40.44,32.59,37.07,21.08,35.27,6.24,8.83,5.57,12.37,14.11,8.2,3.32,10.0,8.49,8.4,23.41,6.25,5.05,10.9,9.08,1.83,6.74,14.37,15.83,20.74,9.75,20.36,31.1,12.14,4.81,16.86,15.03,22.08,38.17,13.11,12.15,16.95,24.09,8.02,11.26,21.84,11.38,7.25,8.61,23.91,11.94,26.42,9.54,18.65,14.98,14.95,18.86,9.4,11.58,8.1,16.68,9.83,14.08,12.18,125.07,122.18,141.66,94.34,86.83,171.14,132.69,141.74,92.04,86.98,161.44,100.86,103.07,182.66,90.32,116.87,132.56,134.27
2019-12-31,43.41,48.66,42.94,34.06,37.31,30.49,36.5,23.47,32.7,15.27,36.69,29.13,38.0,44.26,25.97,36.26,36.52,52.17,51.15,48.06,47.95,70.56,46.26,49.16,35.05,62.04,59.05,48.44,63.08,62.56,41.82,58.72,45.16,35.48,52.49,51.9,2.24,2.85,3.01,3.12,3.56,3.05,3.24,3.88,2.76,5.89,2.02,2.09,3.11,3.3,5.16,3.5,3.07,3.14,27.6,37.71,23.01,21.0,41.45,31.05,56.94,35.04,39.75,46.68,31.65,45.95,60.75,44.08,40.75,44.36,34.49,45.31,5.78,8.71,9.12,7.54,7.58,4.93,7.92,10.2,7.13,3.42,5.45,9.54,6.89,13.25,9.99,7.05,7.53,7.59,7.99,11.88,12.97,9.36,11.43,7.62,13.48,14.38,9.84,6.07,7.11,12.99,10.79,17.21,16.81,11.97,10.78,9.86,8.91,12.36,11.08,5.19,7.34,4.73,10.97,5.53,6.51,1.42,6.77,10.3,8.56,12.26,5.79,8.9,7.36,9.75,28.95,24.68,27.36,46.53,29.0,34.17,22.26,47.48,39.74,41.05,39.94,44.34,25.93,32.73,33.43,22.62,33.32,24.82,13.71,19.47,8.84,20.66,26.21,9.74,5.37,14.69,13.57,4.44,33.9,12.03,10.01,18.2,17.86,8.92,10.41,21.82,5.0,2.83,3.0,6.17,3.82,6.93,2.81,4.65,5.57,12.01,7.33,4.65,3.76,2.47,3.35,3.21,4.42,3.27,2.95,6.64,7.08,8.41,5.66,5.57,10.08,12.12,6.5,-56.81,8.5,10.28,4.41,13.41,5.95,0.23,7.34,9.31,3.04,7.22,2.95,7.85,7.3,3.36,2.5,4.1,4.05,-11.28,19.39,3.77,2.43,8.15,2.76,0.11,3.71,13.95,43.41,48.66,42.94,34.06,37.31,30.49,36.5,23.47,32.7,15.27,36.69,29.13,38.0,44.26,25.97,36.26,36.52,52.17,18.74,31.15,21.42,18.31,35.38,26.77,11.71,31.94,36.83,42.21,19.89,42.4,42.08,41.67,31.57,38.17,21.82,34.8,6.0,9.17,4.67,13.69,12.7,7.04,3.84,8.65,7.74,-8.15,27.78,6.1,5.01,12.21,7.31,2.65,6.32,17.99,15.65,21.37,9.14,22.7,29.95,10.73,5.55,15.61,14.34,4.75,45.51,12.79,12.52,19.07,22.07,9.69,11.08,27.04,11.22,8.09,9.02,19.26,13.63,21.16,9.11,18.07,15.36,70.67,14.77,9.71,11.68,8.15,17.28,11.24,13.59,10.25,129.56,115.47,146.6,99.57,84.98,181.76,136.06,136.46,102.32,108.65,196.87,102.69,107.35,177.15,83.17,125.32,139.2,128.06
2020-12-31,43.3,49.06,43.99,38.37,40.34,32.23,37.63,18.88,29.82,28.8,37.7,29.4,38.71,43.33,23.24,34.23,37.99,54.24,54.69,53.63,49.16,72.68,46.02,49.03,37.72,62.75,63.6,43.51,62.68,61.88,44.18,59.56,48.0,40.23,53.82,56.42,1.89,3.12,2.69,3.21,2.71,2.74,2.84,3.62,2.17,4.59,1.97,2.08,2.56,3.04,4.13,2.65,2.78,2.87,27.38,36.37,24.37,23.01,42.69,31.35,57.75,30.85,33.63,47.73,28.8,53.11,63.62,42.91,42.04,42.88,35.01,44.52,5.28,7.74,7.79,7.19,7.69,4.87,6.41,2.8,-2.26,14.27,3.83,6.1,5.55,9.49,3.95,2.46,5.8,4.37,7.1,10.13,10.89,8.64,11.34,7.44,10.49,4.01,-3.03,23.88,5.0,8.35,8.44,12.32,6.58,4.06,8.12,5.46,9.02,9.08,10.51,5.0,10.33,5.35,9.61,1.52,-2.33,10.04,4.98,6.7,8.01,9.26,2.6,3.51,6.24,5.9,31.01,27.32,27.53,44.79,27.46,33.23,23.53,50.91,44.63,30.98,39.05,43.69,27.07,33.75,36.85,26.46,33.38,25.82,12.97,18.53,8.63,21.35,26.54,9.73,4.68,5.12,-7.14,21.88,26.2,10.06,9.14,14.92,10.52,3.52,9.19,15.52,5.88,3.53,3.53,6.23,3.57,6.82,3.67,18.21,,2.17,10.19,7.16,4.87,3.56,9.32,10.75,5.76,5.91,1.95,4.86,4.93,6.56,6.02,5.7,6.37,-20.59,-20.55,13.65,4.48,0.1,1.62,7.04,-12.38,-12.51,3.48,3.7,2.07,5.71,2.4,7.47,8.39,3.67,1.75,-7.12,-19.39,6.03,11.54,0.05,1.03,4.8,-7.65,-6.12,2.1,7.12,43.3,49.06,43.99,38.37,40.34,32.23,37.63,18.88,29.82,28.8,37.7,29.4,38.71,43.33,23.24,34.23,37.99,54.24,18.46,29.29,22.62,20.17,36.58,26.88,11.99,26.67,24.04,43.37,18.21,47.54,42.93,39.7,27.21,33.86,21.58,34.13,4.47,7.92,3.85,13.9,12.68,6.98,2.94,-2.59,-16.67,9.53,19.55,2.29,3.41,8.4,-4.25,-3.71,4.53,11.3,15.0,20.86,8.98,23.62,30.14,10.7,4.84,5.54,-8.16,23.38,34.28,10.95,11.78,15.79,14.22,3.95,9.85,19.5,11.09,11.01,9.52,20.02,9.68,18.71,10.4,65.84,,9.96,20.09,14.92,12.48,10.8,38.48,28.47,16.03,16.94,135.61,127.67,156.77,118.53,137.6,192.42,140.76,112.72,115.72,113.45,201.08,109.47,119.25,182.71,82.83,131.61,146.35,137.36
2021-12-31,43.86,50.48,43.88,34.62,41.56,33.95,37.99,23.61,30.64,29.43,39.76,34.55,39.03,44.88,24.76,34.51,38.78,54.83,53.67,49.69,46.33,65.56,44.78,46.16,35.35,58.29,62.73,42.99,62.2,59.63,42.27,56.9,48.82,38.94,51.57,57.07,2.01,2.59,2.57,2.36,2.71,2.73,2.86,4.03,2.17,4.2,2.01,2.01,2.78,3.34,4.37,2.71,2.67,2.82,28.45,42.94,23.7,17.53,39.46,30.28,59.04,31.82,38.65,47.03,29.8,54.04,63.15,44.81,43.96,43.3,34.58,45.14,6.54,13.31,9.78,6.17,8.59,5.7,7.82,4.16,4.78,12.76,4.88,12.86,7.82,14.36,6.56,5.16,7.61,8.39,8.84,17.72,14.0,7.97,12.69,8.85,13.04,6.11,6.45,21.35,6.32,17.48,12.07,18.84,10.67,8.59,10.82,10.41,10.82,20.84,14.66,6.11,12.12,6.85,12.47,2.32,5.06,10.01,6.49,16.36,10.92,13.72,4.09,7.46,9.02,11.54,30.13,24.61,26.0,42.86,26.17,30.49,21.92,44.52,43.51,30.34,37.47,39.03,25.77,31.36,36.73,25.5,31.57,25.78,15.83,25.6,9.76,17.04,25.74,10.29,5.42,6.76,13.2,19.13,30.65,19.12,12.49,20.0,15.0,6.94,11.22,28.55,4.61,1.85,2.66,6.94,3.04,5.35,2.81,10.69,9.09,2.38,7.67,3.03,3.29,2.18,5.6,4.94,4.15,3.07,4.62,12.17,9.02,6.41,7.62,7.72,10.05,-7.62,1.64,10.23,6.49,20.68,6.88,16.23,-1.67,-4.52,8.17,10.71,4.91,11.82,3.95,6.12,9.49,4.73,2.65,-2.92,1.39,4.51,16.19,10.62,4.28,10.15,-0.95,-2.1,4.67,19.98,43.86,50.48,43.88,34.62,41.56,33.95,37.99,23.61,30.64,29.43,39.76,34.55,39.03,44.88,24.76,34.51,38.78,54.83,18.1,36.93,20.84,15.42,33.8,26.51,12.32,27.6,28.12,42.84,19.4,45.63,42.9,41.99,25.48,35.08,21.31,34.01,7.7,15.91,5.7,10.4,13.1,7.7,3.82,0.26,5.39,7.58,24.66,13.0,6.99,14.41,2.97,0.49,7.06,24.43,18.5,27.86,10.29,18.81,29.25,11.13,5.6,7.31,15.32,20.31,39.71,22.11,15.96,21.09,20.57,7.71,12.08,36.5,9.24,4.8,6.82,16.36,8.25,14.6,8.02,43.06,19.78,9.99,15.41,6.11,9.16,7.29,24.48,13.41,11.09,8.66,142.95,123.11,153.79,108.99,138.83,189.07,143.31,109.2,117.22,111.44,203.98,120.1,125.1,190.31,101.65,136.87,145.22,137.06
2022-12-31,45.44,51.4,44.5,34.06,42.2,35.27,39.07,27.53,33.1,31.35,40.59,35.53,40.46,47.73,27.35,37.01,40.02,56.46,52.57,46.11,45.09,63.51,41.17,42.53,32.76,51.13,59.44,40.57,59.64,58.86,40.61,56.41,44.71,37.52,48.97,55.12,2.11,3.19,2.92,2.74,3.05,3.58,3.16,4.6,2.58,4.49,2.13,2.13,3.13,3.48,5.43,3.04,3.0,2.94,27.47,35.87,21.13,13.08,38.74,29.63,58.09,31.11,39.69,46.87,30.81,49.7,59.95,43.9,43.95,42.79,32.38,46.14,7.19,11.1,10.75,6.45,8.34,6.6,9.83,11.45,8.68,13.22,5.42,10.94,8.12,12.38,12.18,7.56,8.84,7.97,9.7,15.04,15.46,8.49,12.64,10.5,16.66,17.73,11.91,22.34,7.13,14.88,12.57,16.03,20.36,12.47,12.75,9.91,11.88,15.53,14.68,5.63,11.48,6.69,15.6,6.71,8.46,10.56,7.19,13.56,10.74,12.08,6.9,10.53,10.05,11.31,28.68,22.41,25.03,41.88,23.79,27.53,19.96,37.05,39.77,27.85,35.43,37.94,24.18,29.49,32.48,23.64,29.37,24.0,16.53,20.58,9.47,12.84,24.57,10.78,6.25,15.65,16.79,18.47,30.59,14.95,11.75,17.93,20.42,8.99,11.51,24.68,3.99,2.02,2.33,6.5,2.85,4.17,2.03,3.24,4.58,2.11,6.54,3.47,2.98,2.38,2.67,3.13,3.32,3.01,6.1,7.1,11.25,7.59,7.13,8.98,13.72,17.27,12.02,9.65,7.41,13.75,7.36,12.05,16.46,2.18,10.52,9.74,6.37,6.77,4.41,5.15,8.87,5.17,3.41,6.5,7.7,4.23,16.98,6.68,4.31,8.33,7.55,0.96,5.48,17.01,45.44,51.4,44.5,34.06,42.2,35.27,39.07,27.53,33.1,31.35,40.59,35.53,40.46,47.73,27.35,37.01,40.02,56.46,18.95,29.78,18.33,11.97,33.32,26.12,11.86,27.34,35.41,41.26,19.73,45.09,41.58,41.39,32.47,37.67,20.46,34.0,8.98,8.66,6.04,8.45,12.71,8.36,4.82,10.27,11.29,7.75,25.01,9.31,6.73,12.32,11.76,3.32,7.9,20.9,19.07,22.69,9.95,13.83,27.61,11.65,6.43,16.94,18.13,20.21,39.8,16.17,14.73,18.84,25.33,9.64,12.32,32.32,8.42,6.44,6.81,17.78,8.71,14.95,6.41,14.9,11.82,9.47,13.9,7.38,9.32,8.28,14.49,9.5,9.95,8.84,140.14,116.73,150.9,96.8,152.68,183.32,144.48,127.68,114.34,108.15,200.28,115.29,122.52,185.17,107.88,136.78,143.01,137.23
2023-12-31,48.57,51.57,48.96,41.41,42.73,36.36,40.87,30.64,36.5,36.89,41.62,35.42,41.77,48.78,29.8,36.72,42.93,58.01,52.3,45.68,42.9,66.19,41.03,40.5,31.94,52.35,54.91,35.14,58.25,57.2,39.69,54.2,41.62,31.96,47.71,54.85,3.56,4.74,5.4,4.01,4.69,5.2,5.04,5.92,3.94,6.74,3.29,3.53,4.77,5.42,6.85,4.43,4.6,4.52,30.15,38.13,23.59,24.08,39.62,30.92,59.25,35.3,40.59,46.3,31.41,48.66,60.42,44.19,43.74,44.66,35.56,46.27,8.39,10.8,11.46,9.91,8.68,7.58,9.52,12.46,9.09,13.34,5.31,11.36,8.36,12.66,10.72,8.73,9.5,8.81,11.12,14.65,16.17,12.36,13.11,12.2,15.94,18.62,12.73,22.58,7.02,15.7,12.88,16.54,18.16,15.33,13.54,10.87,8.77,10.3,9.69,6.37,7.88,5.66,10.0,5.8,6.62,8.92,4.74,8.71,7.58,8.41,5.35,9.74,7.59,8.47,26.89,22.13,21.9,38.78,23.5,25.77,18.89,36.31,34.87,22.17,34.01,36.94,23.11,27.76,29.22,20.22,27.23,23.03,18.79,20.86,10.83,22.67,24.76,11.66,6.14,16.07,16.77,17.48,30.36,14.6,11.83,17.61,19.06,10.35,12.6,27.12,3.21,2.05,1.91,3.91,2.71,3.4,1.98,2.91,3.84,1.66,6.41,3.25,2.77,2.19,2.73,2.32,2.87,2.62,6.92,6.03,11.04,11.49,6.98,9.99,12.08,14.43,11.07,8.99,6.26,12.92,6.5,11.26,10.17,4.48,10.36,10.56,7.53,6.01,5.11,10.89,8.5,5.58,3.18,5.7,7.46,4.35,14.9,5.88,3.85,7.64,5.39,1.95,5.9,18.87,48.57,51.57,48.96,41.41,42.73,36.36,40.87,30.64,36.5,36.89,41.62,35.42,41.77,48.78,29.8,36.72,42.93,58.01,21.69,31.88,21.37,21.15,33.6,26.53,12.7,31.61,36.76,41.6,19.94,44.26,43.68,41.79,33.92,40.0,22.78,34.08,11.36,8.47,7.16,17.31,13.17,9.28,4.65,10.38,11.54,7.6,24.6,8.82,7.0,12.05,10.05,4.71,8.86,23.53,21.62,23.09,11.34,25.57,28.22,12.67,6.32,17.2,18.07,19.36,39.33,15.77,14.49,18.48,22.94,11.05,13.52,35.4,11.4,9.71,10.32,15.71,12.68,17.68,10.0,17.24,15.1,11.21,21.08,11.48,13.2,11.89,18.68,10.27,13.18,11.81,146.41,105.03,151.56,104.95,142.24,178.6,145.74,128.65,120.99,117.23,195.83,109.51,123.13,175.34,101.58,134.64,145.25,137.61
2024-12-31,,,,,,,,,,,,,,,,,,,,,,,,,,,,,,,,,,,,,,,,,,,,,,,,,,,,,,,,,,,,,,,,,,,,,,,,,,,,,,,,,,,,,,,,,,,,,,,,,,,,,,,,,,,,,,,,,,,,,,,,,,,,,,,,,,,,,,,,,,,,,,,,,,,,,,,,,,,,,,,,,,,,,,,,,,,,,,,,,,,,,,,,,,,,,,,,,,,,,,,,,,,,,,,,,,,,,,,,,,,,,,,,,,,,,,,,,,,,,,,,,,,,,,,,,,,,,,,,,,,,,,,,,,,,,,,,,,,,,,,,,,,,,,,,,,,,,,,,,,,,,,,,,,,,,,,,,,,,,,,,,,,,
