Date,Capital ratio-A Agricult & fishing-Small-%,Capital ratio-B Mining and quarrying-Small-%,Capital ratio-C Manufacturing-Small-%,Capital ratio-D Electricity and gas-Small-%,Capital ratio-E Water and waste-Small-%,Capital ratio-F Construction-Small-%,Capital ratio-G Trade-Small-%,Capital ratio-H Transport and storage-Small-%,Capital ratio-I Hotels and similar-Small-%,Capital ratio-J Information and communication-Small-%,Capital ratio-L Real estate-Small-%,Capital ratio-N Administrative activities-Small-%,Capital ratio-P Education-Small-%,Capital ratio-Q Health and social-Small-%,Capital ratio-R Shows and sports-Small-%,Capital ratio-S Other services-Small-%,Capital ratio-Small-%,Capital ratio-M Professional and scientific-Small-%,Financial debt (% liabilities)-A Agricult & fishing-Small,Financial debt (% liabilities)-B Mining and quarrying-Small,Financial debt (% liabilities)-C Manufacturing-Small,Financial debt (% liabilities)-D Electricity and gas-Small,Financial debt (% liabilities)-E Water and waste-Small,Financial debt (% liabilities)-F Construction-Small,Financial debt (% liabilities)-G Trade-Small,Financial debt (% liabilities)-H Transport and storage-Small,Financial debt (% liabilities)-I Hotels and similar-Small,Financial debt (% liabilities)-J Information and communication-Small,Financial debt (% liabilities)-L Real estate-Small,Financial debt (% liabilities)-N Administrative activities-Small,Financial debt (% liabilities)-P Education-Small,Financial debt (% liabilities)-Q Health and social-Small,Financial debt (% liabilities)-R Shows and sports-Small,Financial debt (% liabilities)-S Other services-Small,Financial debt (% liabilities)-Small,Financial debt (% liabilities)-M Professional and scientific-Small,Cost of financial debt-A Agricult & fishing-Small-%,Cost of financial debt-B Mining and quarrying-Small-%,Cost of financial debt-C Manufacturing-Small-%,Cost of financial debt-D Electricity and gas-Small-%,Cost of financial debt-E Water and waste-Small-%,Cost of financial debt-F Construction-Small-%,Cost of financial debt-G Trade-Small-%,Cost of financial debt-H Transport and storage-Small-%,Cost of financial debt-I Hotels and similar-Small-%,Cost of financial debt-J Information and communication-Small-%,Cost of financial debt-L Real estate-Small-%,Cost of financial debt-N Administrative activities-Small-%,Cost of financial debt-P Education-Small-%,Cost of financial debt-Q Health and social-Small-%,Cost of financial debt-R Shows and sports-Small-%,Cost of financial debt-S Other services-Small-%,Cost of financial debt-Small-%,Cost of financial debt-M Professional and scientific-Small-%,GVA (% output)-A Agricult & fishing-Small,GVA (% output)-B Mining and quarrying-Small,GVA (% output)-C Manufacturing-Small,GVA (% output)-D Electricity and gas-Small,GVA (% output)-E Water and waste-Small,GVA (% output)-F Construction-Small,GVA (% output)-G Trade-Small,GVA (% output)-H Transport and storage-Small,GVA (% output)-I Hotels and similar-Small,GVA (% output)-J Information and communication-Small,GVA (% output)-L Real estate-Small,GVA (% output)-N Administrative activities-Small,GVA (% output)-P Education-Small,GVA (% output)-Q Health and social-Small,GVA (% output)-R Shows and sports-Small,GVA (% output)-S Other services-Small,GVA (% output)-Small,GVA (% output)-M Professional and scientific-Small,Return on assets-A Agricult & fishing-Small-%,Return on assets-B Mining and quarrying-Small-%,Return on assets-C Manufacturing-Small-%,Return on assets-D Electricity and gas-Small-%,Return on assets-E Water and waste-Small-%,Return on assets-F Construction-Small-%,Return on assets-G Trade-Small-%,Return on assets-H Transport and storage-Small-%,Return on assets-I Hotels and similar-Small-%,Return on assets-J Information and communication-Small-%,Return on assets-L Real estate-Small-%,Return on assets-N Administrative activities-Small-%,Return on assets-P Education-Small-%,Return on assets-Q Health and social-Small-%,Return on assets-R Shows and sports-Small-%,Return on assets-S Other services-Small-%,Return on assets-Small-%,Return on assets-M Professional and scientific-Small-%,EBITDA / invested capital-A Agricult & fishing-Small-%,EBITDA / invested capital-B Mining and quarrying-Small-%,EBITDA / invested capital-C Manufacturing-Small-%,EBITDA / invested capital-D Electricity and gas-Small-%,EBITDA / invested capital-E Water and waste-Small-%,EBITDA / invested capital-F Construction-Small-%,EBITDA / invested capital-G Trade-Small-%,EBITDA / invested capital-H Transport and storage-Small-%,EBITDA / invested capital-I Hotels and similar-Small-%,EBITDA / invested capital-J Information and communication-Small-%,EBITDA / invested capital-L Real estate-Small-%,EBITDA / invested capital-N Administrative activities-Small-%,EBITDA / invested capital-P Education-Small-%,EBITDA / invested capital-Q Health and social-Small-%,EBITDA / invested capital-R Shows and sports-Small-%,EBITDA / invested capital-S Other services-Small-%,EBITDA / invested capital-Small-%,EBITDA / invested capital-M Professional and scientific-Small-%,Financing expenses coverage ratio-A Agricult & fishing-Small,Financing expenses coverage ratio-B Mining and quarrying-Small,Financing expenses coverage ratio-C Manufacturing-Small,Financing expenses coverage ratio-D Electricity and gas-Small,Financing expenses coverage ratio-E Water and waste-Small,Financing expenses coverage ratio-F Construction-Small,Financing expenses coverage ratio-G Trade-Small,Financing expenses coverage ratio-H Transport and storage-Small,Financing expenses coverage ratio-I Hotels and similar-Small,Financing expenses coverage ratio-J Information and communication-Small,Financing expenses coverage ratio-L Real estate-Small,Financing expenses coverage ratio-N Administrative activities-Small,Financing expenses coverage ratio-P Education-Small,Financing expenses coverage ratio-Q Health and social-Small,Financing expenses coverage ratio-R Shows and sports-Small,Financing expenses coverage ratio-S Other services-Small,Financing expenses coverage ratio-Small,Financing expenses coverage ratio-M Professional and scientific-Small,Financial debt (% assets)-A Agricult & fishing-Small,Financial debt (% assets)-B Mining and quarrying-Small,Financial debt (% assets)-C Manufacturing-Small,Financial debt (% assets)-D Electricity and gas-Small,Financial debt (% assets)-E Water and waste-Small,Financial debt (% assets)-F Construction-Small,Financial debt (% assets)-G Trade-Small,Financial debt (% assets)-H Transport and storage-Small,Financial debt (% assets)-I Hotels and similar-Small,Financial debt (% assets)-J Information and communication-Small,Financial debt (% assets)-L Real estate-Small,Financial debt (% assets)-N Administrative activities-Small,Financial debt (% assets)-P Education-Small,Financial debt (% assets)-Q Health and social-Small,Financial debt (% assets)-R Shows and sports-Small,Financial debt (% assets)-S Other services-Small,Financial debt (% assets)-Small,Financial debt (% assets)-M Professional and scientific-Small,EBITDA margin (% income)-A Agricult & fishing-Small,EBITDA margin (% income)-B Mining and quarrying-Small,EBITDA margin (% income)-C Manufacturing-Small,EBITDA margin (% income)-D Electricity and gas-Small,EBITDA margin (% income)-E Water and waste-Small,EBITDA margin (% income)-F Construction-Small,EBITDA margin (% income)-G Trade-Small,EBITDA margin (% income)-H Transport and storage-Small,EBITDA margin (% income)-I Hotels and similar-Small,EBITDA margin (% income)-J Information and communication-Small,EBITDA margin (% income)-L Real estate-Small,EBITDA margin (% income)-N Administrative activities-Small,EBITDA margin (% income)-P Education-Small,EBITDA margin (% income)-Q Health and social-Small,EBITDA margin (% income)-R Shows and sports-Small,EBITDA margin (% income)-S Other services-Small,EBITDA margin (% income)-Small,EBITDA margin (% income)-M Professional and scientific-Small,Financial debt over EBITDA-A Agricult & fishing-Small,Financial debt over EBITDA-B Mining and quarrying-Small,Financial debt over EBITDA-C Manufacturing-Small,Financial debt over EBITDA-D Electricity and gas-Small,Financial debt over EBITDA-E Water and waste-Small,Financial debt over EBITDA-F Construction-Small,Financial debt over EBITDA-G Trade-Small,Financial debt over EBITDA-H Transport and storage-Small,Financial debt over EBITDA-I Hotels and similar-Small,Financial debt over EBITDA-J Information and communication-Small,Financial debt over EBITDA-L Real estate-Small,Financial debt over EBITDA-N Administrative activities-Small,Financial debt over EBITDA-P Education-Small,Financial debt over EBITDA-Q Health and social-Small,Financial debt over EBITDA-R Shows and sports-Small,Financial debt over EBITDA-S Other services-Small,Financial debt over EBITDA-Small,Financial debt over EBITDA-M Professional and scientific-Small,Return on equity-A Agricult & fishing-Small-%,Return on equity-B Mining and quarrying-Small-%,Return on equity-C Manufacturing-Small-%,Return on equity-D Electricity and gas-Small-%,Return on equity-E Water and waste-Small-%,Return on equity-F Construction-Small-%,Return on equity-G Trade-Small-%,Return on equity-H Transport and storage-Small-%,Return on equity-I Hotels and similar-Small-%,Return on equity-J Information and communication-Small-%,Return on equity-L Real estate-Small-%,Return on equity-N Administrative activities-Small-%,Return on equity-P Education-Small-%,Return on equity-Q Health and social-Small-%,Return on equity-R Shows and sports-Small-%,Return on equity-S Other services-Small-%,Return on equity-Small-%,Return on equity-M Professional and scientific-Small-%,Net income (% income)-A Agricult & fishing-Small,Net income (% income)-B Mining and quarrying-Small,Net income (% income)-C Manufacturing-Small,Net income (% income)-D Electricity and gas-Small,Net income (% income)-E Water and waste-Small,Net income (% income)-F Construction-Small,Net income (% income)-G Trade-Small,Net income (% income)-H Transport and storage-Small,Net income (% income)-I Hotels and similar-Small,Net income (% income)-J Information and communication-Small,Net income (% income)-L Real estate-Small,Net income (% income)-N Administrative activities-Small,Net income (% income)-P Education-Small,Net income (% income)-Q Health and social-Small,Net income (% income)-R Shows and sports-Small,Net income (% income)-S Other services-Small,Net income (% income)-Small,Net income (% income)-M Professional and scientific-Small,Equity (% assets)-A Agricult & fishing-Small,Equity (% assets)-B Mining and quarrying-Small,Equity (% assets)-C Manufacturing-Small,Equity (% assets)-D Electricity and gas-Small,Equity (% assets)-E Water and waste-Small,Equity (% assets)-F Construction-Small,Equity (% assets)-G Trade-Small,Equity (% assets)-H Transport and storage-Small,Equity (% assets)-I Hotels and similar-Small,Equity (% assets)-J Information and communication-Small,Equity (% assets)-L Real estate-Small,Equity (% assets)-N Administrative activities-Small,Equity (% assets)-P Education-Small,Equity (% assets)-Q Health and social-Small,Equity (% assets)-R Shows and sports-Small,Equity (% assets)-S Other services-Small,Equity (% assets)-Small,Equity (% assets)-M Professional and scientific-Small,Gross profit (% income)-A Agricult & fishing-Small,Gross profit (% income)-B Mining and quarrying-Small,Gross profit (% income)-C Manufacturing-Small,Gross profit (% income)-D Electricity and gas-Small,Gross profit (% income)-E Water and waste-Small,Gross profit (% income)-F Construction-Small,Gross profit (% income)-G Trade-Small,Gross profit (% income)-H Transport and storage-Small,Gross profit (% income)-I Hotels and similar-Small,Gross profit (% income)-J Information and communication-Small,Gross profit (% income)-L Real estate-Small,Gross profit (% income)-N Administrative activities-Small,Gross profit (% income)-P Education-Small,Gross profit (% income)-Q Health and social-Small,Gross profit (% income)-R Shows and sports-Small,Gross profit (% income)-S Other services-Small,Gross profit (% income)-Small,Gross profit (% income)-M Professional and scientific-Small,EBIT margin (% income)-A Agricult & fishing-Small,EBIT margin (% income)-B Mining and quarrying-Small,EBIT margin (% income)-C Manufacturing-Small,EBIT margin (% income)-D Electricity and gas-Small,EBIT margin (% income)-E Water and waste-Small,EBIT margin (% income)-F Construction-Small,EBIT margin (% income)-G Trade-Small,EBIT margin (% income)-H Transport and storage-Small,EBIT margin (% income)-I Hotels and similar-Small,EBIT margin (% income)-J Information and communication-Small,EBIT margin (% income)-L Real estate-Small,EBIT margin (% income)-N Administrative activities-Small,EBIT margin (% income)-P Education-Small,EBIT margin (% income)-Q Health and social-Small,EBIT margin (% income)-R Shows and sports-Small,EBIT margin (% income)-S Other services-Small,EBIT margin (% income)-Small,EBIT margin (% income)-M Professional and scientific-Small,EBITDA (% turnover )-A Agricult & fishing-Small,EBITDA (% turnover )-B Mining and quarrying-Small,EBITDA (% turnover )-C Manufacturing-Small,EBITDA (% turnover )-D Electricity and gas-Small,EBITDA (% turnover )-E Water and waste-Small,EBITDA (% turnover )-F Construction-Small,EBITDA (% turnover )-G Trade-Small,EBITDA (% turnover )-H Transport and storage-Small,EBITDA (% turnover )-I Hotels and similar-Small,EBITDA (% turnover )-J Information and communication-Small,EBITDA (% turnover )-L Real estate-Small,EBITDA (% turnover )-N Administrative activities-Small,EBITDA (% turnover )-P Education-Small,EBITDA (% turnover )-Q Health and social-Small,EBITDA (% turnover )-R Shows and sports-Small,EBITDA (% turnover )-S Other services-Small,EBITDA (% turnover )-Small,EBITDA (% turnover )-M Professional and scientific-Small,Financial pressure-A Agricult & fishing-Small-%,Financial pressure-B Mining and quarrying-Small-%,Financial pressure-C Manufacturing-Small-%,Financial pressure-D Electricity and gas-Small-%,Financial pressure-E Water and waste-Small-%,Financial pressure-F Construction-Small-%,Financial pressure-G Trade-Small-%,Financial pressure-H Transport and storage-Small-%,Financial pressure-I Hotels and similar-Small-%,Financial pressure-J Information and communication-Small-%,Financial pressure-L Real estate-Small-%,Financial pressure-N Administrative activities-Small-%,Financial pressure-P Education-Small-%,Financial pressure-Q Health and social-Small-%,Financial pressure-R Shows and sports-Small-%,Financial pressure-S Other services-Small-%,Financial pressure-Small-%,Financial pressure-M Professional and scientific-Small-%,Current ratio-A Agricult & fishing-Small-%,Current ratio-B Mining and quarrying-Small-%,Current ratio-C Manufacturing-Small-%,Current ratio-D Electricity and gas-Small-%,Current ratio-E Water and waste-Small-%,Current ratio-F Construction-Small-%,Current ratio-G Trade-Small-%,Current ratio-H Transport and storage-Small-%,Current ratio-I Hotels and similar-Small-%,Current ratio-J Information and communication-Small-%,Current ratio-L Real estate-Small-%,Current ratio-N Administrative activities-Small-%,Current ratio-P Education-Small-%,Current ratio-Q Health and social-Small-%,Current ratio-R Shows and sports-Small-%,Current ratio-S Other services-Small-%,Current ratio-Small-%,Current ratio-M Professional and scientific-Small-%
2006-12-31,37.61,40.65,30.95,50.81,22.37,23.26,28.18,18.9,30.67,25.14,29.7,13.43,23.64,33.61,24.1,22.97,27.61,24.1,52.64,48.02,36.52,69.9,40.17,57.14,34.79,68.32,57.38,30.07,73.05,50.35,38.84,45.93,50.64,26.0,49.52,54.56,4.26,5.47,6.7,5.07,2.99,5.01,6.3,1.36,4.1,5.52,4.02,4.64,6.54,6.01,5.66,5.91,4.82,4.03,26.82,37.2,29.72,51.42,31.38,28.03,58.02,25.9,39.95,32.15,30.98,25.94,59.29,41.14,29.5,42.52,34.9,38.55,5.87,8.68,7.36,9.85,6.02,6.31,6.67,6.11,7.81,6.52,6.36,7.33,8.89,13.98,2.97,8.14,7.06,10.87,8.33,12.55,13.11,11.56,11.25,9.4,12.54,8.22,11.09,13.68,7.85,12.85,16.67,21.82,4.75,18.92,11.13,16.59,4.2,5.56,4.36,5.65,6.45,2.87,4.24,8.09,4.79,5.24,3.08,3.63,4.58,7.63,1.36,6.88,4.08,6.51,32.84,28.5,25.22,34.38,31.18,43.85,24.99,55.41,39.78,22.51,51.35,43.59,29.65,30.49,38.43,20.03,35.85,41.41,10.97,15.49,7.74,48.5,17.65,10.43,4.04,9.82,11.92,6.54,25.33,7.71,9.37,16.01,7.97,8.2,7.98,15.63,5.59,3.28,3.42,3.49,5.18,6.95,3.75,9.07,5.09,3.45,8.07,5.95,3.34,2.18,12.95,2.46,5.08,3.81,-1.06,0.12,0.29,6.57,4.68,6.5,5.16,7.71,1.57,-11.85,7.33,-15.45,3.61,10.48,-9.35,3.37,4.55,22.51,-0.74,0.09,0.1,16.44,3.07,2.5,0.88,2.34,0.74,-2.99,8.66,-2.18,0.9,4.03,-6.05,0.78,1.42,7.8,37.61,40.65,30.95,50.81,22.37,23.26,28.18,18.9,30.67,25.14,29.7,13.43,23.64,33.61,24.1,22.97,27.61,24.1,19.65,33.24,27.97,43.24,25.05,26.38,11.85,23.83,37.37,27.87,27.93,22.94,39.85,39.48,20.28,28.27,20.93,32.08,2.79,4.04,2.72,29.15,7.22,7.48,2.48,4.35,4.31,-0.36,19.56,0.81,3.92,8.31,-0.66,2.96,4.33,11.8,12.39,16.64,8.02,57.34,19.6,10.9,4.16,10.28,12.59,6.94,27.95,8.24,11.85,16.53,9.26,9.86,8.35,17.85,23.82,17.98,22.95,17.7,15.5,34.85,23.6,12.36,20.87,19.07,32.48,27.57,21.83,13.11,73.32,14.54,24.48,15.36,105.43,123.85,119.69,78.63,58.95,172.43,126.62,105.46,79.75,101.44,134.64,97.66,84.91,101.8,48.38,91.1,127.73,144.2
2007-12-31,39.07,42.39,30.52,48.67,19.73,22.36,29.27,29.42,31.84,24.91,23.79,24.28,25.4,35.35,24.5,21.82,27.9,23.81,50.29,46.51,36.36,78.97,44.28,58.72,35.35,43.12,57.92,26.78,74.81,43.09,41.48,45.5,60.71,28.04,49.5,54.52,4.91,6.43,7.41,5.49,4.56,5.66,7.0,5.31,4.54,6.12,4.69,6.14,7.22,7.6,4.79,6.47,5.85,5.35,27.71,37.43,29.41,50.51,30.8,29.34,58.57,27.02,39.68,35.42,33.06,25.51,58.68,41.5,28.74,45.32,35.49,40.57,6.56,11.02,7.4,10.95,9.1,6.23,7.28,11.0,7.14,10.49,4.71,9.63,8.66,12.5,5.23,7.79,7.32,8.58,9.41,15.93,13.27,12.27,16.46,9.17,13.41,18.39,10.02,23.29,5.83,16.92,15.37,19.3,7.43,17.81,11.51,13.13,4.36,6.39,3.95,4.92,5.61,2.42,4.16,6.81,3.98,8.52,1.76,4.81,3.88,5.59,2.38,5.49,3.51,3.86,30.64,26.79,25.27,40.53,35.54,45.59,25.0,30.43,39.48,20.11,57.02,32.63,30.94,29.41,45.84,21.92,35.69,41.54,11.81,18.35,7.75,49.63,18.53,10.83,4.64,10.92,10.7,10.1,21.14,10.0,9.1,16.25,12.33,7.77,8.45,13.78,4.67,2.43,3.41,3.7,3.91,7.31,3.44,2.77,5.53,1.92,12.1,3.39,3.57,2.35,8.77,2.81,4.88,4.84,0.28,5.65,0.66,7.81,12.31,5.35,6.77,9.23,-0.6,5.24,1.92,5.81,1.41,8.37,-0.36,1.3,4.72,13.16,0.2,3.98,0.21,17.22,4.95,2.08,1.26,2.7,-0.29,1.26,2.05,1.46,0.38,3.85,-0.21,0.28,1.52,5.03,39.07,42.39,30.52,48.67,19.73,22.36,29.27,29.42,31.84,24.91,23.79,24.28,25.4,35.35,24.5,21.82,27.9,23.81,19.38,30.42,27.83,41.05,27.29,27.05,12.57,24.93,37.0,31.01,30.85,22.4,39.53,39.26,17.83,34.49,21.74,34.48,3.93,8.4,3.06,30.62,9.8,7.84,3.06,5.12,3.45,3.91,15.22,4.37,3.58,8.77,6.2,2.91,4.87,10.26,13.54,20.64,8.01,58.9,19.9,11.43,4.77,11.47,11.25,10.81,24.33,10.81,11.48,16.91,16.32,8.96,8.86,15.49,22.95,15.64,25.29,20.33,17.82,41.4,24.04,14.68,25.1,11.74,56.72,20.79,25.77,17.88,41.97,18.21,28.51,25.9,103.69,127.08,118.98,70.76,58.55,172.63,128.83,98.51,78.29,106.92,132.27,124.3,81.3,92.01,48.07,90.26,129.18,140.93
2008-12-31,38.8,41.1,30.0,17.9,20.77,22.42,29.53,31.58,32.81,18.1,25.58,25.04,20.74,35.58,23.16,21.84,27.57,28.92,52.05,48.86,36.86,83.21,43.37,58.23,35.32,38.86,56.35,36.3,76.21,42.75,37.97,47.97,56.79,31.13,49.87,56.38,5.17,6.63,8.25,5.1,5.27,6.22,7.78,7.15,5.15,6.73,5.33,7.15,7.22,7.57,5.43,5.94,6.48,5.93,23.9,37.17,29.42,40.95,26.5,30.64,58.37,26.14,38.87,34.93,35.82,26.92,58.71,42.36,30.14,41.89,35.73,41.75,4.53,9.49,7.19,13.44,8.44,5.75,6.68,10.55,5.42,5.08,2.54,10.1,6.02,14.34,2.8,4.89,6.69,10.07,6.41,13.58,12.88,15.59,15.31,8.5,12.28,18.14,7.68,10.63,3.08,17.69,11.85,21.57,4.19,10.58,10.5,14.59,2.75,4.98,3.38,3.86,4.66,2.05,3.45,5.55,2.78,2.54,0.84,4.41,2.77,6.13,1.18,3.38,2.86,4.24,31.86,28.78,25.8,68.31,34.36,45.17,24.89,26.59,37.86,29.73,56.71,32.05,30.09,30.9,43.63,24.33,36.12,40.07,8.41,16.78,7.57,38.21,14.82,10.23,4.21,9.89,8.96,5.47,14.12,10.92,6.77,17.41,6.64,5.86,7.79,17.28,7.03,3.03,3.59,5.08,4.07,7.86,3.73,2.52,6.98,5.85,22.35,3.17,5.0,2.15,15.6,4.98,5.4,3.98,-3.51,2.32,-0.48,18.99,7.02,2.16,3.94,5.32,-4.19,-23.75,-7.34,3.82,-8.14,11.6,-13.07,-5.84,1.66,16.93,-2.53,1.69,-0.15,9.66,2.56,0.86,0.73,1.57,-2.27,-4.63,-10.44,1.03,-1.9,5.01,-7.18,-1.53,0.53,8.4,38.8,41.1,30.0,17.9,20.77,22.42,29.53,31.58,32.81,18.1,25.58,25.04,20.74,35.58,23.16,21.84,27.57,28.92,15.88,32.66,27.95,36.53,24.11,28.91,12.73,23.7,35.5,30.52,36.24,23.66,39.13,40.29,23.98,27.61,22.11,34.58,1.33,6.16,2.95,22.51,7.2,7.16,2.63,4.13,1.72,-1.07,6.69,4.58,1.43,10.13,-0.31,1.19,4.17,14.05,9.51,18.02,7.81,42.05,15.69,10.74,4.33,10.45,9.5,5.87,15.31,11.84,8.58,18.08,7.54,7.01,8.16,20.27,36.32,20.09,29.63,25.9,21.46,48.89,28.98,18.01,35.92,39.36,119.05,22.68,36.09,16.31,84.7,29.57,34.98,23.6,97.46,123.79,119.95,65.98,63.21,178.17,130.11,97.43,81.6,99.68,135.85,98.14,79.78,108.28,53.8,96.46,128.93,126.29
2009-12-31,38.43,43.59,31.63,40.11,19.72,22.64,31.12,28.04,31.42,17.56,26.95,22.91,25.55,32.27,23.14,23.68,28.73,26.9,56.32,48.67,41.6,80.57,48.0,59.26,37.03,42.02,59.43,36.04,77.56,52.98,39.53,46.35,58.74,34.22,51.99,59.19,3.76,5.08,5.37,3.94,3.84,4.98,5.62,4.8,3.64,3.25,4.21,4.18,4.86,5.07,5.13,3.88,4.72,3.94,26.27,38.69,30.71,46.64,28.89,32.86,59.23,29.29,39.54,35.22,36.4,29.59,59.31,42.96,31.98,36.51,37.5,40.67,3.88,8.23,6.21,10.54,7.65,4.43,6.11,10.19,5.01,6.14,5.86,9.45,8.06,13.94,1.3,5.88,6.36,8.61,5.3,11.59,10.34,11.93,13.13,6.47,10.8,17.49,6.95,12.99,7.01,14.82,14.66,21.9,1.9,11.8,9.66,12.27,2.97,5.91,4.07,5.54,5.17,1.94,4.26,7.02,3.38,6.37,2.46,5.53,5.63,8.76,0.56,5.8,3.64,5.05,34.68,27.45,28.45,48.26,38.53,45.84,25.51,30.24,40.75,29.72,56.65,40.84,29.43,31.39,45.15,26.12,37.05,43.27,8.53,16.68,7.38,44.89,16.73,9.06,4.3,10.32,9.0,6.48,32.79,12.14,9.13,16.59,3.24,6.33,8.23,15.99,8.95,3.33,4.58,4.58,5.04,10.35,4.17,2.97,8.13,4.84,9.67,4.32,3.65,2.25,34.72,4.44,5.83,5.03,-3.57,1.68,-0.68,10.21,8.13,-0.78,4.22,5.04,-3.56,-9.3,5.74,4.67,5.38,15.67,-22.72,1.98,2.87,15.34,-3.02,1.49,-0.25,17.43,3.51,-0.36,0.92,1.43,-2.01,-1.72,8.66,1.37,1.56,6.02,-13.08,0.51,1.07,7.66,38.43,43.59,31.63,40.11,19.72,22.64,31.12,28.04,31.42,17.56,26.95,22.91,25.55,32.27,23.14,23.68,28.73,26.9,17.87,34.47,29.46,37.7,25.56,38.25,13.45,26.84,36.3,29.79,35.63,26.13,35.93,41.07,25.45,24.71,24.05,33.38,0.55,5.42,2.37,28.73,7.88,5.43,2.61,3.72,1.39,0.48,24.95,4.31,4.13,10.16,-7.11,2.42,4.27,12.62,9.7,17.89,7.61,54.33,17.91,8.82,4.41,10.85,9.52,7.04,37.72,13.21,12.15,17.16,3.6,7.34,8.57,18.74,33.65,16.92,24.59,18.05,19.33,51.59,23.45,14.25,29.56,15.71,40.68,18.08,17.75,11.41,178.11,17.23,27.51,19.79,101.9,128.81,125.84,115.36,66.46,179.07,130.2,102.82,83.95,88.99,142.94,98.53,89.32,101.54,56.77,97.2,130.35,120.5
2010-12-31,41.54,41.01,31.74,16.73,26.1,21.26,31.36,27.57,31.18,26.88,26.56,16.16,24.33,35.7,18.24,26.71,28.28,32.5,53.57,54.09,47.75,75.32,54.42,61.94,44.36,43.39,61.64,32.86,74.76,60.23,44.65,57.33,47.7,36.13,54.68,48.88,4.3,4.24,5.19,4.34,3.85,4.55,5.75,5.44,3.43,6.66,4.07,3.57,5.01,4.42,4.48,5.32,4.75,5.22,27.28,37.47,29.92,53.7,31.12,30.47,58.51,26.77,38.13,37.41,34.22,29.98,56.33,42.62,29.58,39.49,36.7,41.87,5.29,6.64,5.9,13.32,12.95,3.3,5.98,9.18,4.23,7.57,4.7,9.5,8.6,12.04,1.38,5.26,5.86,5.92,7.26,9.1,9.17,16.77,19.53,4.72,9.68,15.57,5.75,14.86,5.77,14.25,14.79,16.59,2.42,9.89,8.68,9.04,3.93,4.91,3.49,4.89,8.36,1.49,3.42,5.37,2.91,4.73,2.1,5.27,5.07,7.39,0.79,3.73,3.14,3.44,31.32,31.91,32.59,62.71,40.21,48.78,30.45,31.43,42.42,24.03,54.9,50.5,33.79,36.86,39.0,26.48,39.22,32.99,11.63,14.49,7.02,50.56,25.83,7.17,4.25,8.36,7.59,7.6,27.72,10.95,9.49,16.0,2.67,6.18,7.45,10.18,5.92,4.81,5.53,4.71,3.11,14.76,5.09,3.42,10.03,3.18,11.69,5.32,3.93,3.06,28.19,5.03,6.7,5.57,0.61,-0.17,-1.23,28.42,26.64,-4.5,3.41,2.44,-5.0,-0.59,2.87,4.09,6.58,11.1,-31.0,-2.61,1.43,5.02,0.55,-0.15,-0.47,18.05,13.87,-2.08,0.76,0.61,-2.8,-0.16,4.5,0.76,1.77,5.27,-10.91,-0.82,0.52,2.8,41.54,41.01,31.74,16.73,26.1,21.26,31.36,27.57,31.18,26.88,26.56,16.16,24.33,35.7,18.24,26.71,28.28,32.5,19.5,33.25,28.4,47.0,25.45,39.11,13.04,24.87,35.68,32.57,39.13,26.79,32.36,40.55,22.75,27.38,23.76,36.35,4.4,3.64,2.42,33.67,17.89,3.77,2.69,2.84,0.37,2.66,20.39,3.79,4.66,9.66,-5.73,1.69,3.82,7.23,13.16,15.47,7.26,56.35,30.23,6.78,4.38,8.72,7.93,8.14,29.24,11.66,12.72,16.58,2.99,7.23,7.7,11.31,25.45,20.36,28.69,20.45,11.96,67.09,29.25,18.61,34.39,21.15,47.62,18.99,19.71,13.54,126.32,26.81,31.83,29.11,101.35,130.67,130.59,69.83,79.05,158.49,134.65,110.65,81.64,111.52,122.14,94.61,94.68,115.37,52.63,101.28,127.9,118.68
2011-12-31,41.45,40.93,32.42,17.55,25.69,18.35,31.67,13.58,26.1,26.6,25.71,25.39,26.34,33.32,10.91,21.61,26.99,27.47,53.23,54.15,46.29,76.61,48.87,63.48,44.3,64.38,61.89,31.3,76.79,54.36,47.7,59.4,50.79,34.52,55.75,52.47,4.53,4.65,5.69,5.1,5.09,5.02,5.91,4.27,3.47,6.05,5.16,4.98,5.2,5.04,4.66,5.25,5.17,5.48,24.05,35.41,27.91,49.36,26.12,29.51,57.37,20.9,38.32,36.2,33.93,30.3,57.53,42.78,35.59,37.87,35.07,42.28,3.68,5.64,4.75,13.31,11.2,1.42,4.61,0.89,2.22,4.67,2.37,8.42,7.21,10.72,1.18,4.53,4.08,4.08,5.06,7.74,7.45,16.49,18.06,2.03,7.45,1.28,3.09,9.42,2.87,12.77,11.72,14.69,2.11,9.3,6.03,6.23,2.61,3.79,2.67,4.13,6.06,0.55,2.58,0.37,1.4,3.36,0.81,4.17,3.95,5.37,0.56,3.18,1.94,1.95,31.17,31.99,31.29,63.16,36.31,51.83,30.27,55.64,45.74,22.97,57.05,40.56,35.13,39.61,45.25,27.06,40.7,38.06,7.94,12.98,5.37,46.63,22.76,3.12,3.32,1.03,4.03,4.91,16.94,9.57,8.41,14.16,2.81,5.33,5.22,6.8,8.48,5.67,6.59,4.75,3.24,36.42,6.56,62.84,20.6,4.92,24.02,4.81,4.88,3.7,38.26,5.98,9.98,9.33,-2.76,-2.34,-4.8,21.5,21.3,-17.42,-0.64,-51.96,-13.51,-8.46,-7.73,-1.69,1.22,7.36,-48.31,-6.15,-5.59,-2.09,-2.47,-2.2,-1.76,13.22,11.12,-7.0,-0.15,-8.19,-6.41,-2.37,-14.19,-0.49,0.37,3.24,-12.51,-1.57,-1.93,-0.96,41.45,40.93,32.42,17.55,25.69,18.35,31.67,13.58,26.1,26.6,25.71,25.39,26.34,33.32,10.91,21.61,26.99,27.47,17.21,31.34,26.31,44.2,21.52,30.86,12.59,17.68,35.59,31.84,34.64,26.86,31.14,40.27,24.7,28.06,21.65,36.35,1.17,1.8,1.03,28.64,15.73,-0.27,1.76,-4.65,-2.91,0.38,7.54,2.76,3.46,7.84,-6.15,1.12,1.59,4.01,8.86,14.02,5.55,51.09,26.35,3.18,3.41,1.14,4.22,5.23,18.56,10.27,11.65,14.73,3.37,6.1,5.45,7.61,38.38,26.37,37.52,24.2,16.49,182.85,38.78,268.08,71.53,29.77,123.85,23.97,25.35,18.61,178.17,31.41,51.62,51.16,105.28,134.32,127.33,79.5,70.18,136.9,132.7,109.24,77.45,110.49,111.43,103.54,100.82,118.17,54.75,97.38,121.46,107.78
2012-12-31,43.04,41.79,33.7,21.14,26.96,17.92,33.35,2.49,16.31,21.58,28.79,26.01,27.43,31.99,13.81,29.09,27.69,34.76,55.17,51.36,46.81,83.28,55.58,59.01,43.81,60.07,68.43,38.38,74.64,57.08,47.16,60.17,50.14,33.33,55.87,62.64,5.48,5.34,5.76,5.45,5.59,5.14,6.56,5.88,3.8,6.22,4.73,4.5,4.84,5.22,5.14,4.23,5.32,4.33,23.97,34.29,27.64,46.1,27.25,31.88,56.56,24.92,35.3,38.35,32.32,32.13,59.54,41.68,31.33,35.46,35.14,37.76,4.55,5.31,4.22,14.5,11.5,0.6,3.94,-9.17,0.52,4.72,1.81,7.03,6.31,9.05,-1.07,2.94,3.16,4.17,6.11,7.41,6.52,16.7,17.02,0.91,6.3,-15.01,0.71,9.13,2.21,10.3,10.24,12.42,-1.88,5.58,4.64,5.52,2.64,3.33,2.36,4.05,5.07,0.24,2.06,-2.66,0.24,2.52,0.72,3.7,3.81,4.24,-0.48,2.94,1.47,2.36,31.42,29.89,31.04,65.68,40.59,48.43,29.2,58.57,57.27,30.1,53.15,42.23,34.23,40.92,43.21,23.64,40.4,40.86,9.38,13.51,4.87,43.69,24.34,1.42,2.84,-9.92,1.22,5.22,13.16,9.38,7.81,12.22,-2.44,4.26,4.15,8.67,6.9,5.63,7.35,4.53,3.53,80.27,7.41,,110.22,6.38,29.41,6.01,5.42,4.52,,8.03,12.78,9.79,-1.75,-2.82,-6.13,19.97,20.36,-21.28,-2.63,-763.12,-33.49,-10.63,-7.34,-4.24,-0.85,2.72,-57.69,-7.13,-8.85,0.81,-1.55,-3.0,-2.38,12.72,11.62,-8.96,-0.63,-20.58,-12.79,-2.54,-15.39,-1.47,-0.29,1.17,-18.15,-3.0,-3.21,0.58,43.04,41.79,33.7,21.14,26.96,17.92,33.35,2.49,16.31,21.58,28.79,26.01,27.43,31.99,13.81,29.09,27.69,34.76,17.27,29.24,26.32,42.46,22.19,34.9,11.98,21.45,31.93,33.59,30.0,28.73,33.43,39.6,22.59,22.8,21.39,31.12,2.84,2.5,0.55,27.45,17.3,-2.28,1.35,-15.84,-6.79,0.95,3.64,2.22,2.84,6.0,-11.66,-0.56,0.49,6.06,10.47,14.91,5.02,46.66,28.66,1.43,2.91,-10.87,1.28,5.61,15.27,10.05,10.78,12.66,-2.85,5.09,4.35,10.15,37.81,30.05,42.36,24.69,19.74,412.5,48.62,,419.28,39.69,139.24,27.05,26.25,23.61,,34.0,68.03,42.39,104.8,140.36,130.06,75.29,88.43,132.96,136.7,113.44,58.07,112.75,101.47,109.76,91.81,112.56,53.62,108.62,121.52,142.0
2013-12-31,41.13,45.36,35.59,22.84,32.21,18.97,35.38,25.22,19.15,33.08,30.29,17.65,26.13,31.11,22.59,33.18,29.97,33.17,55.71,51.13,45.41,78.29,52.05,61.47,40.92,53.77,67.55,43.06,71.97,61.05,45.34,59.93,59.62,24.78,54.3,52.16,4.61,5.0,5.32,5.73,5.44,5.03,5.74,5.45,3.27,6.32,4.37,3.35,4.17,4.61,3.81,4.21,4.93,5.4,23.82,35.25,28.47,54.71,28.12,31.99,57.54,25.41,36.6,40.09,37.53,29.58,58.52,42.37,37.43,40.22,36.27,42.73,4.92,5.14,5.82,16.28,10.81,2.31,5.19,7.93,3.81,5.78,3.1,6.46,5.55,9.63,0.87,5.9,5.4,8.21,6.65,7.01,8.98,19.55,16.01,3.36,8.39,12.12,5.17,9.33,3.85,9.52,9.3,13.31,1.27,11.86,7.94,12.06,3.25,3.67,3.74,4.7,5.63,0.92,3.42,3.62,2.13,3.17,1.41,3.84,3.97,5.06,0.49,8.47,2.88,4.36,32.8,27.94,29.25,60.41,35.29,49.81,26.44,40.21,54.61,28.82,50.17,50.27,33.49,41.29,46.15,16.56,38.03,34.86,9.83,13.02,6.59,50.97,24.57,5.49,3.56,10.03,8.05,7.76,23.76,8.09,7.34,13.28,2.59,7.36,6.92,14.19,6.67,5.44,5.03,3.71,3.26,21.57,5.09,5.07,14.32,4.99,16.19,7.78,6.04,4.29,53.05,2.81,7.05,4.25,-0.43,-1.72,-0.41,25.67,17.33,-11.07,1.61,4.3,-9.04,-0.38,-0.81,-11.79,-1.32,6.03,-21.11,0.23,0.3,11.42,-0.35,-1.98,-0.17,18.37,12.69,-4.99,0.39,1.37,-3.65,-0.17,-1.88,-2.6,-0.46,2.59,-14.21,0.1,0.12,6.55,41.13,45.36,35.59,22.84,32.21,18.97,35.38,25.22,19.15,33.08,30.29,17.65,26.13,31.11,22.59,33.18,29.97,33.17,17.22,31.98,27.17,51.9,22.33,37.13,12.44,22.24,32.7,34.83,38.85,26.45,30.7,40.01,27.47,24.24,22.23,35.72,3.19,2.7,2.46,34.65,17.55,1.91,2.18,5.29,0.86,3.64,12.84,0.63,2.44,7.16,-7.81,2.18,3.42,11.43,10.87,14.03,6.79,53.57,29.87,5.47,3.64,10.9,8.79,8.4,26.67,8.66,10.36,13.8,3.15,9.0,7.23,16.31,30.73,27.22,26.71,21.27,17.75,108.45,29.25,27.66,46.86,31.53,70.76,26.06,25.21,19.77,202.27,11.81,34.77,22.96,102.84,144.46,136.88,94.69,103.58,147.76,142.63,173.75,63.72,159.36,99.02,100.87,90.26,120.88,53.32,114.71,130.64,139.74
2014-12-31,40.92,47.59,36.33,22.96,39.29,23.04,39.76,25.91,26.23,29.03,25.7,19.33,26.4,34.01,22.03,33.16,32.01,33.53,54.65,48.19,46.65,77.07,46.57,64.04,41.31,62.11,63.51,37.87,76.64,60.41,46.85,59.67,51.29,27.76,55.52,51.92,4.47,5.16,4.9,5.68,5.17,4.66,5.33,5.98,2.89,6.14,3.76,3.23,4.1,4.43,3.91,5.36,4.69,5.45,24.57,34.24,28.82,55.62,26.17,32.42,58.32,25.43,37.82,38.76,31.99,30.42,60.83,41.08,40.38,43.36,36.63,43.52,5.04,5.25,6.44,16.06,11.21,5.65,6.43,9.43,4.97,6.51,2.7,7.86,5.39,8.45,1.76,8.79,6.5,8.15,6.88,7.2,9.75,19.5,16.59,7.81,9.95,13.11,6.8,11.65,3.27,11.55,8.86,11.51,2.84,17.01,9.31,11.97,3.49,4.02,4.42,4.76,7.67,2.46,4.85,3.43,3.67,3.95,1.26,5.0,3.82,4.85,1.13,8.85,3.67,4.33,32.28,25.26,29.7,59.37,28.27,49.29,24.88,46.02,46.85,26.88,56.94,48.73,34.49,39.38,39.99,18.56,37.75,34.51,9.94,12.55,7.14,52.0,25.56,12.77,4.64,12.5,9.07,8.3,18.27,9.51,7.25,11.79,4.2,10.3,8.34,14.99,6.41,4.81,4.61,3.7,2.52,8.73,3.87,4.88,9.43,4.13,21.06,6.2,6.39,4.66,22.67,2.11,5.81,4.24,-0.45,-1.67,1.47,24.48,15.97,6.0,5.4,8.93,-3.36,-1.23,-4.96,-3.2,-1.71,3.81,-19.29,5.48,3.79,11.76,-0.37,-1.9,0.59,18.2,14.31,3.13,1.55,3.07,-1.61,-0.46,-8.61,-0.75,-0.61,1.81,-10.12,2.13,1.56,7.25,40.92,47.59,36.33,22.96,39.29,23.04,39.76,25.91,26.23,29.03,25.7,19.33,26.4,34.01,22.03,33.16,32.01,33.53,18.97,29.5,27.19,52.47,20.46,35.24,12.8,22.18,34.81,32.64,28.3,27.5,32.11,38.47,30.71,30.25,22.29,36.89,3.3,2.27,3.17,34.67,18.7,9.78,3.36,8.29,1.89,2.94,8.97,2.44,2.4,6.16,-5.14,4.94,4.98,12.34,10.93,13.68,7.37,55.08,31.16,13.62,4.77,13.68,9.65,9.13,21.62,10.17,10.35,12.31,4.86,12.23,8.79,17.11,28.65,24.85,22.61,21.02,13.04,40.73,20.61,29.18,27.24,25.34,79.16,20.01,26.19,20.63,88.64,11.31,27.22,23.08,104.75,162.1,139.77,110.65,103.24,160.93,145.52,224.76,71.64,121.29,112.4,104.61,85.58,123.07,41.88,117.94,138.17,151.5
2015-12-31,41.68,48.33,37.02,22.39,39.44,25.49,37.94,25.15,27.96,30.11,32.44,23.9,29.27,32.33,19.04,35.1,33.91,48.52,57.06,48.77,46.58,79.21,52.99,62.46,41.53,62.53,62.91,35.52,73.81,62.1,49.86,57.51,52.57,24.99,55.7,60.09,3.81,4.08,4.29,5.76,4.28,4.76,4.64,6.3,3.06,6.21,3.83,3.24,4.22,3.97,3.82,5.54,4.5,4.95,27.1,37.04,29.78,57.16,26.48,32.95,59.11,26.27,39.24,40.72,34.7,32.12,61.18,40.0,39.34,39.98,37.57,44.68,6.81,5.62,7.12,14.11,11.67,4.22,6.58,9.87,6.19,5.33,4.93,10.29,6.04,10.38,3.15,8.06,7.27,12.24,9.09,7.64,10.73,16.82,16.31,5.87,10.33,13.71,8.45,9.71,5.99,14.47,9.36,14.56,5.11,15.7,10.28,15.41,5.37,5.47,5.66,3.99,8.5,1.91,5.5,3.34,4.47,3.46,2.58,6.73,4.06,6.71,1.93,8.97,4.39,7.99,33.27,25.2,29.34,61.47,32.09,46.54,25.77,46.8,45.32,24.82,49.87,47.26,35.27,38.92,42.56,16.22,36.81,30.93,13.64,13.26,7.78,54.85,25.37,8.6,4.48,12.74,11.02,6.63,27.4,12.27,7.64,13.1,6.68,8.95,9.1,24.76,4.89,4.48,4.12,4.36,2.75,11.02,3.92,4.74,7.32,4.65,10.12,4.59,5.84,3.75,13.52,2.01,5.06,2.53,3.6,0.55,3.8,19.53,17.51,0.18,6.08,10.0,2.1,-3.62,2.62,12.7,-0.9,9.73,-17.53,5.32,6.19,18.26,3.0,0.63,1.54,17.01,15.01,0.09,1.57,3.25,1.04,-1.35,4.73,3.62,-0.33,3.97,-7.08,2.07,2.63,17.92,41.68,48.33,37.02,22.39,39.44,25.49,37.94,25.15,27.96,30.11,32.44,23.9,29.27,32.33,19.04,35.1,33.91,48.52,20.78,32.82,27.9,53.14,20.45,36.35,13.2,22.62,36.8,35.24,31.41,28.83,34.27,38.07,29.55,26.89,23.01,33.51,6.75,3.96,3.88,35.22,18.87,5.96,3.24,8.47,4.62,1.95,19.24,6.66,2.7,8.01,-2.36,4.39,5.86,22.56,15.31,14.34,8.03,59.04,30.96,8.68,4.59,14.02,11.53,7.18,32.94,13.28,10.62,13.6,7.91,10.57,9.58,31.88,18.61,18.29,17.68,25.08,11.76,52.41,18.2,29.9,22.39,28.9,38.8,14.85,24.62,14.9,51.72,11.15,22.79,12.51,108.73,164.12,144.86,126.22,107.6,189.76,149.79,209.82,80.87,125.15,116.72,129.43,96.31,118.71,55.26,124.53,145.49,159.18
2016-12-31,44.25,48.92,37.56,24.78,42.36,26.21,38.74,23.21,33.22,29.98,38.54,26.72,30.67,33.43,25.26,36.02,36.03,55.96,56.16,48.54,46.78,76.32,54.84,60.75,40.53,62.52,61.38,27.26,71.74,61.59,45.17,57.37,56.1,25.53,53.86,49.37,3.39,3.86,3.66,5.2,3.47,5.03,3.79,6.46,3.4,4.9,3.75,2.92,3.66,3.91,2.86,3.91,4.19,4.83,27.15,36.86,30.74,64.5,27.24,33.69,59.69,27.5,40.6,40.12,36.39,31.71,60.84,41.23,36.06,39.85,38.38,45.25,6.65,5.61,7.33,15.2,12.44,4.91,7.15,11.86,9.13,5.77,6.41,8.65,6.87,11.62,5.25,6.63,7.88,10.53,8.8,7.6,10.98,18.5,16.82,6.9,11.25,16.65,12.3,11.76,7.76,12.05,11.08,16.22,7.81,12.66,11.18,13.55,6.26,5.86,6.86,5.09,11.35,2.18,7.59,3.82,6.54,6.17,3.88,6.56,5.99,7.77,4.38,10.38,5.46,10.02,31.31,24.8,29.21,57.41,31.61,44.83,24.82,48.01,40.99,19.09,44.09,45.13,31.31,38.19,41.93,16.34,34.45,21.74,13.11,14.42,8.26,60.25,25.56,9.07,5.02,15.46,14.55,6.97,35.86,11.32,9.22,14.26,11.18,7.71,9.95,21.89,4.71,4.42,3.98,3.78,2.54,9.14,3.47,4.05,4.49,3.31,6.88,5.21,4.56,3.29,7.99,2.47,4.37,2.07,3.23,1.04,4.54,22.71,18.07,1.65,7.91,18.17,9.03,-0.79,6.77,7.98,4.43,12.77,0.52,1.85,7.77,13.61,2.82,1.3,1.92,22.3,15.73,0.8,2.15,5.5,4.78,-0.28,14.59,2.79,1.82,5.24,0.28,0.78,3.53,15.84,44.25,48.92,37.56,24.78,42.36,26.21,38.74,23.21,33.22,29.98,38.54,26.72,30.67,33.43,25.26,36.02,36.03,55.96,21.37,32.83,29.16,60.31,21.57,34.62,13.67,23.56,38.16,34.68,32.22,28.76,35.56,38.45,29.1,30.34,23.84,35.17,6.14,4.55,4.13,40.69,18.99,6.47,3.71,10.79,8.66,2.37,28.07,5.61,4.53,9.01,4.36,2.81,6.59,19.47,14.44,15.44,8.51,64.54,30.98,9.36,5.16,17.4,15.22,7.54,41.53,12.16,12.56,15.11,12.73,8.74,10.5,27.3,15.97,17.05,14.58,19.63,8.81,45.92,13.17,26.17,15.29,16.2,25.77,15.24,16.7,12.87,22.83,9.64,18.32,9.98,118.56,157.82,147.73,140.32,119.05,188.45,154.63,187.38,103.27,125.93,132.65,119.76,99.06,128.57,65.49,123.96,147.48,126.85
2017-12-31,44.35,50.07,40.07,18.22,41.7,30.24,40.53,21.3,34.97,33.21,37.52,31.19,30.59,36.09,22.51,42.26,36.8,52.21,54.69,43.65,46.12,86.12,67.28,59.8,38.64,64.59,62.04,25.99,73.58,58.03,42.94,57.36,53.4,31.25,54.69,44.82,2.93,3.47,3.21,5.05,2.61,4.74,3.86,6.09,3.24,4.68,3.32,2.69,3.13,3.38,2.49,3.94,3.92,4.18,29.12,36.04,30.97,56.47,26.33,33.15,60.17,27.04,41.42,45.38,38.93,29.88,60.67,41.53,39.54,40.1,38.67,45.86,8.63,6.03,8.41,10.28,11.11,6.02,7.77,11.13,10.28,8.9,7.84,10.65,6.51,10.77,6.58,10.28,8.42,8.12,11.55,8.39,12.42,11.6,13.73,8.37,12.23,15.43,13.65,17.6,9.39,14.98,10.77,14.8,10.3,17.05,11.81,11.03,9.69,7.97,9.48,2.89,10.83,3.04,8.76,3.59,7.86,10.97,5.14,9.92,6.98,8.68,6.4,14.47,6.21,9.08,30.43,21.8,27.64,70.43,39.22,41.72,22.98,50.83,40.35,17.36,45.97,39.93,29.81,36.66,41.38,18.04,34.56,21.42,16.53,13.46,9.42,45.32,27.1,9.89,5.31,14.19,15.31,10.48,38.66,12.43,9.04,13.21,13.14,10.03,10.43,15.83,3.52,3.61,3.29,6.85,3.53,6.93,2.96,4.57,3.92,1.95,5.86,3.75,4.58,3.4,6.29,1.76,4.1,2.64,7.52,1.19,7.4,8.9,14.61,5.31,8.89,15.33,11.32,7.5,10.05,14.37,5.01,9.92,6.0,8.56,8.95,9.7,6.39,1.33,3.32,7.15,14.87,2.64,2.46,4.16,5.89,2.93,18.59,5.23,2.13,4.39,2.7,3.53,4.08,9.88,44.35,50.07,40.07,18.22,41.7,30.24,40.53,21.3,34.97,33.21,37.52,31.19,30.59,36.09,22.51,42.26,36.8,52.21,22.28,32.83,28.76,47.9,20.15,33.61,13.82,23.54,39.12,39.81,37.02,26.85,34.66,39.57,32.73,31.01,24.14,38.7,9.58,4.37,5.36,27.63,18.19,7.48,4.0,9.44,9.82,5.5,31.75,7.66,4.61,8.02,6.26,5.57,7.12,13.41,18.59,14.3,9.86,53.49,33.77,10.16,5.44,15.7,15.95,11.33,42.94,13.41,12.43,13.68,14.92,11.32,10.98,18.22,10.32,12.55,10.54,34.56,9.23,32.85,11.42,27.82,12.73,9.12,19.46,10.09,14.33,11.52,15.62,6.91,16.1,11.02,119.44,163.23,146.88,98.79,125.83,188.16,159.77,223.93,114.92,132.95,142.49,123.92,100.72,122.59,79.93,138.09,151.58,135.32
2018-12-31,44.1,50.78,39.5,21.45,42.54,34.77,39.92,29.58,33.96,33.92,44.46,33.96,33.23,39.49,32.88,45.37,38.85,53.93,55.81,45.61,46.44,86.64,64.47,51.32,38.1,52.41,59.07,23.19,74.25,58.13,38.45,59.5,44.37,32.34,52.75,42.47,2.62,2.77,2.92,4.4,2.64,4.18,3.29,4.81,3.1,4.36,3.06,2.72,3.26,3.2,2.71,3.36,3.44,4.3,27.55,35.07,31.15,60.53,26.57,33.62,60.83,26.69,41.06,45.76,36.84,29.87,60.44,43.31,37.81,41.93,38.82,46.3,6.98,6.57,7.6,11.04,10.47,7.61,7.05,10.51,9.75,8.82,8.82,9.72,6.85,11.32,6.94,9.82,8.37,9.36,9.27,8.97,11.24,12.33,13.16,11.14,11.22,15.82,13.36,17.92,10.29,13.44,11.63,14.99,11.08,15.59,11.77,12.74,8.54,10.57,9.26,3.69,10.73,5.43,9.37,5.92,8.05,13.19,7.0,9.3,8.19,9.81,8.61,16.57,7.55,11.12,31.2,22.45,28.1,68.06,37.04,33.48,22.89,36.91,39.01,15.32,41.24,38.39,25.67,36.0,29.78,17.67,32.26,19.57,13.16,14.74,8.47,59.7,25.02,10.45,4.57,10.94,14.51,10.15,39.98,11.51,9.29,13.79,13.63,10.45,10.07,17.91,4.47,3.42,3.7,6.17,3.54,4.4,3.25,3.51,4.0,1.74,4.67,3.95,3.75,3.18,4.29,1.8,3.85,2.09,4.28,3.39,5.31,16.96,15.87,8.97,6.97,10.32,10.82,8.14,11.59,10.56,6.35,10.19,6.4,8.78,8.69,10.99,3.56,3.87,2.34,19.67,16.13,4.28,1.81,3.17,5.47,3.18,23.36,4.25,2.86,4.9,4.13,4.24,4.06,11.34,44.1,50.78,39.5,21.45,42.54,34.77,39.92,29.58,33.96,33.92,44.46,33.96,33.23,39.49,32.88,45.37,38.85,53.93,22.51,28.71,29.42,50.59,21.58,34.46,14.24,24.32,38.48,40.54,33.99,27.02,34.74,41.54,30.15,31.37,24.73,39.78,6.19,6.26,4.29,41.04,19.2,7.98,3.26,6.26,9.22,5.62,33.94,6.44,5.19,8.35,7.69,6.17,6.78,15.08,14.41,16.35,8.73,70.73,29.87,10.61,4.67,11.68,15.25,10.92,45.61,12.39,12.71,14.25,15.34,12.08,10.53,20.28,11.71,9.46,10.8,27.1,9.32,18.41,10.67,16.89,12.42,7.58,14.29,10.76,12.21,10.19,11.61,6.03,13.25,8.99,123.77,163.16,152.3,50.9,126.24,194.22,162.52,170.94,107.49,130.65,172.38,110.84,109.16,128.98,88.94,145.51,149.43,142.44
2019-12-31,44.42,51.56,40.81,24.08,44.54,37.86,42.86,33.96,34.92,36.96,46.46,33.53,33.43,41.16,30.84,47.16,41.42,57.61,55.41,45.39,46.36,80.11,59.36,54.7,38.01,54.1,58.51,20.75,72.27,59.25,38.16,56.86,41.91,31.04,52.12,45.67,2.45,2.5,2.64,3.65,2.99,4.07,3.07,4.38,3.02,4.39,3.03,2.77,3.38,3.22,2.38,3.46,3.2,3.35,27.58,37.77,31.96,61.12,29.0,33.84,60.74,27.99,41.61,45.13,36.9,30.6,61.35,43.93,39.12,43.05,39.41,46.31,6.3,7.9,7.3,12.45,10.23,7.49,8.23,10.29,9.11,9.82,11.39,8.43,8.81,12.04,6.15,10.45,8.6,6.19,8.38,10.74,10.7,14.67,13.21,10.42,12.74,14.76,12.48,19.62,13.38,11.56,14.98,16.14,10.29,16.44,11.95,8.05,8.36,14.35,10.08,5.61,10.38,5.42,12.34,6.57,7.91,17.11,9.71,7.74,10.26,11.17,8.93,18.43,8.79,9.55,30.8,21.99,27.44,60.82,32.92,33.99,21.72,35.73,38.08,13.08,38.7,39.38,25.41,33.45,28.98,16.4,30.53,19.36,12.04,17.34,8.27,58.24,26.3,10.91,5.41,10.26,13.47,10.68,44.59,10.89,10.35,14.55,12.23,11.9,10.53,14.52,4.89,2.78,3.76,4.88,3.22,4.54,2.64,3.47,4.18,1.33,3.4,4.67,2.88,2.78,4.71,1.57,3.55,3.13,2.81,5.62,4.36,20.24,13.91,8.5,9.55,7.63,9.09,10.91,16.92,7.4,10.02,11.51,6.27,9.52,9.19,6.52,2.39,6.36,2.02,22.8,15.91,4.69,2.69,2.58,4.69,4.39,30.75,3.2,3.93,5.73,3.84,5.11,4.66,8.81,44.42,51.56,40.81,24.08,44.54,37.86,42.86,33.96,34.92,36.96,46.46,33.53,33.43,41.16,30.84,47.16,41.42,57.61,21.34,31.66,30.08,53.39,23.56,32.81,14.32,25.74,39.44,40.52,32.02,27.96,36.57,42.02,32.31,34.88,25.01,37.87,4.96,8.98,3.86,39.15,19.64,8.5,4.06,5.4,8.22,6.73,39.39,5.58,6.52,8.97,6.05,7.05,7.21,12.06,13.21,18.98,8.54,66.18,31.56,11.33,5.52,10.89,13.95,11.37,53.25,11.59,14.0,15.08,13.62,13.28,11.05,17.22,11.97,6.97,9.92,17.83,9.63,18.45,8.11,15.22,12.64,5.84,10.3,12.92,9.74,8.95,11.2,5.43,11.38,10.47,124.12,158.14,155.01,42.78,124.23,224.24,164.52,172.18,113.31,138.3,203.45,124.04,108.03,138.05,70.75,147.56,152.91,123.13
2020-12-31,49.98,54.89,41.88,24.89,47.11,36.09,44.55,33.72,33.82,40.51,38.42,34.99,33.26,37.74,22.71,40.76,40.94,55.19,56.21,45.28,49.69,85.64,57.14,52.32,41.07,50.07,66.7,22.75,70.36,63.1,41.96,56.87,49.31,40.36,54.16,49.1,2.11,4.05,2.09,3.02,2.56,3.5,2.55,4.16,1.54,4.47,2.86,2.83,2.27,2.54,1.87,2.24,2.72,3.68,29.69,40.3,32.84,55.61,32.84,33.98,62.34,28.8,37.43,48.69,34.87,40.0,63.07,42.6,39.42,44.0,40.43,48.03,5.68,9.49,6.8,11.68,10.49,8.01,7.64,7.97,-0.55,10.17,6.03,4.87,5.89,8.6,0.78,4.77,6.47,3.3,7.28,12.6,9.61,13.09,13.57,11.52,11.35,11.91,-0.7,18.81,7.37,6.41,9.61,11.76,1.28,7.37,8.87,4.28,9.56,11.48,11.23,6.02,13.57,6.85,13.17,5.78,-0.8,16.82,4.87,4.2,9.28,9.58,1.09,8.92,7.44,4.08,28.12,20.43,28.88,64.32,30.22,33.43,22.77,33.19,44.14,13.53,43.33,41.02,28.0,35.41,38.11,23.91,31.98,22.0,12.9,20.9,8.48,52.98,29.22,10.97,5.47,9.77,-1.29,12.42,27.54,9.66,7.88,11.36,2.32,6.27,8.83,8.77,4.95,2.15,4.25,5.51,2.88,4.17,2.98,4.16,,1.33,7.19,8.42,4.76,4.12,48.82,5.01,4.94,6.66,1.02,7.23,3.86,17.27,14.36,10.46,8.41,4.14,-14.39,12.42,6.62,-0.12,4.35,5.57,-15.42,-2.66,4.91,1.23,1.16,8.74,2.02,19.5,18.83,5.17,2.68,1.71,-11.49,6.14,11.62,-0.08,1.94,2.77,-10.43,-1.43,2.74,1.8,49.98,54.89,41.88,24.89,47.11,36.09,44.55,33.72,33.82,40.51,38.42,34.99,33.26,37.74,22.71,40.76,40.94,55.19,22.82,34.89,30.27,47.89,26.27,33.46,14.7,25.95,27.32,42.89,35.84,32.95,36.01,39.43,27.7,31.55,24.85,39.75,3.38,11.71,3.71,32.85,21.89,8.44,4.0,4.49,-9.56,8.61,20.5,2.29,3.79,5.67,-7.25,0.4,5.07,5.51,14.46,22.8,8.84,60.92,35.5,11.24,5.6,10.5,-1.47,13.52,28.71,10.99,11.0,11.93,2.76,7.33,9.3,10.18,10.46,8.71,8.9,16.62,7.37,14.6,7.59,17.3,,5.94,20.55,23.81,10.78,10.43,91.51,11.21,13.45,24.49,132.8,176.59,172.83,34.89,136.94,234.25,182.84,161.18,134.64,145.35,202.43,133.35,119.08,140.75,79.43,143.31,165.02,132.14
2021-12-31,49.91,55.36,41.67,25.28,46.23,36.5,45.55,35.11,35.8,47.8,47.41,48.16,35.44,43.05,39.43,46.68,43.21,51.85,57.04,49.87,48.17,83.61,57.51,47.41,38.33,50.08,67.4,29.14,70.99,57.83,39.33,53.0,51.35,39.07,53.11,51.91,2.15,2.15,2.27,2.87,2.63,3.67,2.67,4.67,2.18,3.02,2.58,2.75,2.73,2.7,2.23,2.44,2.78,3.48,30.18,39.14,32.3,43.6,30.02,32.62,62.98,28.1,41.68,49.69,35.16,40.13,62.08,46.13,43.05,44.83,40.26,47.83,6.85,10.56,7.86,10.07,15.96,8.81,9.44,9.7,4.87,10.92,6.59,23.87,8.95,14.36,5.49,9.11,9.1,9.26,8.72,13.61,11.26,11.48,20.69,13.22,14.21,14.35,6.16,17.32,7.78,30.55,14.71,19.61,7.79,13.49,12.4,12.05,11.14,22.06,12.3,5.62,19.6,7.96,16.96,6.39,5.16,23.8,6.85,28.94,12.89,17.6,7.91,17.93,10.85,10.63,28.57,22.26,28.1,62.48,30.92,30.1,20.87,32.5,43.27,15.21,37.33,29.98,25.39,30.18,31.1,20.83,30.16,24.99,15.34,21.66,9.25,42.27,33.78,11.04,6.36,10.91,10.33,13.89,31.3,37.86,11.37,17.42,15.05,11.13,11.9,22.94,4.17,2.11,3.58,6.2,1.94,3.42,2.21,3.35,8.89,1.39,5.66,1.26,2.84,2.1,5.66,2.29,3.32,2.7,3.01,8.85,6.31,13.46,25.8,12.04,11.83,8.8,0.83,12.87,7.47,40.99,11.71,17.59,4.02,6.44,10.85,12.62,3.37,10.05,3.09,14.28,25.24,5.51,3.63,3.47,0.63,7.83,16.82,31.3,5.27,9.19,4.34,3.68,6.14,16.21,49.91,55.36,41.67,25.28,46.23,36.5,45.55,35.11,35.8,47.8,47.41,48.16,35.44,43.05,39.43,46.68,43.21,51.85,22.14,33.49,29.8,37.69,22.45,32.14,14.74,25.52,31.09,43.81,35.43,24.2,35.46,43.43,28.86,34.4,24.5,37.45,6.11,12.51,4.83,26.32,28.0,8.59,5.01,6.44,3.45,10.23,25.19,33.02,7.47,12.54,7.53,5.52,8.53,20.14,17.4,23.84,9.61,47.79,43.82,11.29,6.51,11.62,11.76,15.04,33.21,59.13,15.75,18.2,18.68,12.85,12.69,28.1,8.98,4.53,8.13,17.79,5.1,12.56,5.9,15.66,19.39,4.2,14.6,3.45,7.76,5.68,12.63,5.58,9.22,9.41,149.99,157.16,173.66,30.66,146.9,218.78,183.65,166.43,141.34,154.87,201.26,145.7,130.27,157.87,139.76,167.01,166.66,132.63
2022-12-31,52.44,57.39,43.31,50.04,46.05,40.18,45.93,34.11,35.4,49.27,47.74,51.46,36.55,44.02,39.41,48.88,45.46,55.72,54.05,45.93,47.43,69.19,43.92,43.31,36.26,53.78,63.9,22.92,67.71,49.16,38.92,51.67,52.1,40.5,49.09,50.74,2.35,2.82,2.51,5.06,3.52,3.2,2.82,5.03,2.79,4.29,3.09,3.03,2.94,3.03,2.65,2.83,3.12,3.61,29.62,35.98,31.24,42.87,27.57,32.58,62.23,26.07,40.83,47.87,34.43,36.15,58.92,45.53,39.14,42.87,39.17,47.22,7.35,9.94,8.99,13.77,11.95,8.59,9.91,11.77,9.94,8.39,7.83,10.05,7.57,13.14,10.73,10.74,9.4,8.78,9.4,12.92,12.81,16.27,17.14,13.0,15.11,16.92,12.96,13.78,9.42,13.35,12.36,18.01,15.12,15.43,13.02,11.23,12.17,18.03,13.34,7.87,14.35,10.36,17.93,6.6,8.63,16.82,7.17,13.9,10.44,14.97,12.85,18.33,11.27,10.82,25.71,19.57,26.89,34.57,23.69,25.91,19.6,35.43,41.28,11.63,35.39,23.86,24.69,28.92,31.57,20.7,26.77,22.47,16.46,19.76,9.75,39.12,27.12,10.68,6.43,11.25,14.21,10.15,30.18,15.47,8.95,15.28,18.72,11.48,11.17,22.05,3.5,1.97,2.99,2.51,1.98,3.02,1.98,3.01,4.15,1.39,4.52,2.37,3.26,2.2,2.94,1.93,2.85,2.56,4.25,7.12,8.23,11.52,17.65,10.93,12.66,13.2,12.21,7.03,9.07,9.63,7.36,14.57,14.88,10.13,10.53,11.38,5.0,8.12,3.86,16.38,18.44,5.46,3.78,4.31,6.18,4.19,16.68,7.62,3.18,7.46,10.24,5.3,5.69,15.92,52.44,57.39,43.31,50.04,46.05,40.18,45.93,34.11,35.4,49.27,47.74,51.46,36.55,44.02,39.41,48.88,45.46,55.72,23.4,30.51,29.01,40.46,21.49,32.22,14.8,23.24,38.22,41.94,34.27,31.72,35.42,43.18,30.84,36.78,25.02,37.63,7.7,10.72,5.63,25.98,21.44,8.26,5.16,7.26,9.31,6.3,24.93,9.9,5.34,10.76,13.56,6.83,8.05,19.52,18.35,21.69,10.09,41.18,33.02,10.89,6.57,12.04,14.81,10.99,32.2,17.07,11.88,15.95,22.01,12.55,11.7,26.61,8.22,5.55,7.5,12.71,6.97,9.66,5.58,15.16,11.59,5.95,13.95,7.2,9.57,6.68,7.78,5.46,8.87,9.24,159.79,164.6,170.56,143.02,137.65,211.97,180.57,201.05,136.25,157.35,196.29,135.75,125.42,156.56,115.01,173.04,172.71,139.33
2023-12-31,51.23,61.02,46.71,43.11,48.81,43.93,48.33,36.49,39.54,41.83,48.76,51.34,40.36,46.41,41.07,40.05,46.89,54.18,54.24,43.94,45.3,69.83,51.58,42.53,34.7,41.69,62.31,23.31,68.93,48.72,33.74,50.92,52.3,28.08,48.04,48.74,3.94,5.68,4.54,6.05,5.09,5.03,4.97,5.55,3.97,5.1,4.96,5.36,5.52,5.31,3.6,4.74,4.83,5.08,33.01,39.0,33.07,58.02,30.75,34.18,62.69,30.96,41.34,51.6,34.93,34.22,58.71,46.49,40.23,45.56,40.96,47.49,9.79,12.3,9.52,14.58,13.02,10.25,9.69,13.2,12.17,10.18,7.27,9.59,8.56,12.73,9.28,10.2,9.94,8.72,12.6,15.73,13.44,17.6,17.31,15.12,14.62,20.97,15.76,18.37,8.65,12.78,14.15,17.27,12.91,17.93,13.73,11.39,9.4,12.65,8.69,6.07,9.69,8.55,10.87,8.99,8.13,14.73,4.15,7.54,7.7,8.78,8.37,12.78,8.06,7.69,26.45,17.13,24.14,39.73,26.4,23.84,17.93,26.47,37.67,13.56,35.32,23.71,20.12,27.29,30.82,16.83,25.52,22.33,19.49,22.92,10.61,50.99,30.34,12.81,6.44,12.57,16.79,10.9,30.1,13.76,9.6,14.59,15.19,12.43,11.89,19.96,2.7,1.39,2.54,2.72,2.03,2.33,1.85,2.01,3.1,1.33,4.86,2.47,2.35,2.14,3.32,1.65,2.57,2.56,8.64,9.32,7.47,14.08,17.99,12.86,11.02,13.44,16.13,12.22,7.0,7.65,7.94,12.17,8.99,9.95,10.48,10.82,8.81,10.6,3.89,21.23,20.45,7.06,3.54,4.67,8.8,5.48,14.13,5.63,3.6,6.47,6.04,4.86,5.88,13.41,51.23,61.02,46.71,43.11,48.81,43.93,48.33,36.49,39.54,41.83,48.76,51.34,40.36,46.41,41.07,40.05,46.89,54.18,26.46,33.74,30.94,51.69,23.43,33.11,15.19,27.64,37.98,44.93,36.13,30.01,36.9,44.36,35.8,39.96,26.49,39.69,12.81,13.85,6.23,36.23,24.78,10.41,5.12,7.5,12.37,7.86,24.76,8.32,6.31,10.13,9.81,7.33,8.72,17.24,21.63,25.52,11.02,56.9,38.03,13.2,6.57,13.48,18.03,11.84,31.69,15.23,12.5,15.15,16.78,13.44,12.47,23.12,10.64,7.91,11.51,16.47,10.32,11.7,9.2,11.12,12.31,6.79,24.09,13.26,12.99,11.39,11.95,7.83,12.4,13.01,146.46,184.29,170.77,153.51,150.76,203.44,180.64,141.85,143.46,144.26,186.93,127.81,124.55,160.97,111.15,134.54,167.68,132.16
2024-12-31,,,,,,,,,,,,,,,,,,,,,,,,,,,,,,,,,,,,,,,,,,,,,,,,,,,,,,,,,,,,,,,,,,,,,,,,,,,,,,,,,,,,,,,,,,,,,,,,,,,,,,,,,,,,,,,,,,,,,,,,,,,,,,,,,,,,,,,,,,,,,,,,,,,,,,,,,,,,,,,,,,,,,,,,,,,,,,,,,,,,,,,,,,,,,,,,,,,,,,,,,,,,,,,,,,,,,,,,,,,,,,,,,,,,,,,,,,,,,,,,,,,,,,,,,,,,,,,,,,,,,,,,,,,,,,,,,,,,,,,,,,,,,,,,,,,,,,,,,,,,,,,,,,,,,,,,,,,,,,,,,,,,
